✓ Initialized. View run at https://modal.com/apps/ngtkhanh04/main/ap-fPFAVoKaxRG6fYcDGpqGph
Building image im-M0te04aofCU47o5qALhKpr

=> Step 0: FROM base

=> Step 1: RUN apt-get update && apt-get install -y git
Get:1 http://deb.debian.org/debian bookworm InRelease [151 kB]
Get:2 http://deb.debian.org/debian bookworm-updates InRelease [55.4 kB]
Get:3 http://deb.debian.org/debian-security bookworm-security InRelease [34.8 kB]
Get:4 http://deb.debian.org/debian bookworm/main amd64 Packages [8790 kB]
Get:5 http://deb.debian.org/debian bookworm-updates/main amd64 Packages.diff/Index [21.8 kB]
Ign:5 http://deb.debian.org/debian bookworm-updates/main amd64 Packages.diff/Index
Get:6 http://deb.debian.org/debian bookworm-updates/main amd64 Packages [6924 B]
Get:7 http://deb.debian.org/debian-security bookworm-security/main amd64 Packages [325 kB]
Fetched 9386 kB in 1s (8616 kB/s)
Reading package lists...
Reading package lists...
Building dependency tree...
Reading state information...
The following additional packages will be installed:
  git-man less libcbor0.8 libcurl3-gnutls libedit2 liberror-perl libfido2-1
  libnghttp2-14 libpsl5 librtmp1 libssh2-1 libssl3 libxext6 libxmuu1
  openssh-client openssl publicsuffix xauth
Suggested packages:
  gettext-base git-daemon-run | git-daemon-sysvinit git-doc git-email git-gui
  gitk gitweb git-cvs git-mediawiki git-svn keychain libpam-ssh monkeysphere
  ssh-askpass
The following NEW packages will be installed:
  git git-man less libcbor0.8 libcurl3-gnutls libedit2 liberror-perl
  libfido2-1 libnghttp2-14 libpsl5 librtmp1 libssh2-1 libxext6 libxmuu1
  openssh-client publicsuffix xauth
The following packages will be upgraded:
  libssl3 openssl
2 upgraded, 17 newly installed, 0 to remove and 57 not upgraded.
Need to get 15.1 MB of archives.
After this operation, 57.4 MB of additional disk space will be used.
Get:1 http://deb.debian.org/debian bookworm/main amd64 less amd64 590-2.1~deb12u2 [132 kB]
Get:2 http://deb.debian.org/debian bookworm/main amd64 libedit2 amd64 3.1-20221030-2 [93.0 kB]
Get:3 http://deb.debian.org/debian bookworm/main amd64 libcbor0.8 amd64 0.8.0-2+b1 [27.4 kB]
Get:4 http://deb.debian.org/debian bookworm/main amd64 libssl3 amd64 3.0.20-1~deb12u2 [2036 kB]
Get:5 http://deb.debian.org/debian bookworm/main amd64 libfido2-1 amd64 1.12.0-2+b1 [77.2 kB]
Get:6 http://deb.debian.org/debian bookworm/main amd64 openssh-client amd64 1:9.2p1-2+deb12u10 [994 kB]
Get:7 http://deb.debian.org/debian bookworm/main amd64 libnghttp2-14 amd64 1.52.0-1+deb12u3 [72.4 kB]
Get:8 http://deb.debian.org/debian bookworm/main amd64 libpsl5 amd64 0.21.2-1 [58.7 kB]
Get:9 http://deb.debian.org/debian bookworm/main amd64 librtmp1 amd64 2.4+20151223.gitfa8646d.1-2+b2 [60.8 kB]
Get:10 http://deb.debian.org/debian bookworm/main amd64 libssh2-1 amd64 1.10.0-3+b1 [179 kB]
Get:11 http://deb.debian.org/debian bookworm/main amd64 libcurl3-gnutls amd64 7.88.1-10+deb12u15 [386 kB]
Get:12 http://deb.debian.org/debian bookworm/main amd64 liberror-perl all 0.17029-2 [29.0 kB]
Get:13 http://deb.debian.org/debian bookworm/main amd64 git-man all 1:2.39.5-0+deb12u3 [2053 kB]
Get:14 http://deb.debian.org/debian bookworm/main amd64 git amd64 1:2.39.5-0+deb12u3 [7264 kB]
Get:15 http://deb.debian.org/debian bookworm/main amd64 libxext6 amd64 2:1.3.4-1+b1 [52.9 kB]
Get:16 http://deb.debian.org/debian bookworm/main amd64 libxmuu1 amd64 2:1.1.3-3 [23.9 kB]
Get:17 http://deb.debian.org/debian bookworm/main amd64 openssl amd64 3.0.20-1~deb12u2 [1439 kB]
Get:18 http://deb.debian.org/debian bookworm/main amd64 publicsuffix all 20230209.2326-1 [126 kB]
Get:19 http://deb.debian.org/debian bookworm/main amd64 xauth amd64 1:1.1.2-1 [36.0 kB]
debconf: delaying package configuration, since apt-utils is not installed
Fetched 15.1 MB in 0s (130 MB/s)
Selecting previously unselected package less.
(Reading database ... 
[1A(Reading database ... 5%
[1A(Reading database ... 10%
[1A(Reading database ... 15%
[1A(Reading database ... 20%
[1A(Reading database ... 25%
[1A(Reading database ... 30%(Reading database ... 35%(Reading database ... 40%(Reading database ... 45%
[1A(Reading database ... 50%(Reading database ... 55%(Reading database ... 60%(Reading database ... 65%(Reading database ... 70%(Reading database ... 75%(Reading database ... 80%(Reading database ... 85%(Reading database ... 90%(Reading database ... 95%(Reading database ... 100%(Reading database ... 16439 files and directories currently installed.)
Preparing to unpack .../00-less_590-2.1~deb12u2_amd64.deb ...
Unpacking less (590-2.1~deb12u2) ...
Selecting previously unselected package libedit2:amd64.
Preparing to unpack .../01-libedit2_3.1-20221030-2_amd64.deb ...
Unpacking libedit2:amd64 (3.1-20221030-2) ...
Selecting previously unselected package libcbor0.8:amd64.
Preparing to unpack .../02-libcbor0.8_0.8.0-2+b1_amd64.deb ...
Unpacking libcbor0.8:amd64 (0.8.0-2+b1) ...
Preparing to unpack .../03-libssl3_3.0.20-1~deb12u2_amd64.deb ...
Unpacking libssl3:amd64 (3.0.20-1~deb12u2) over (3.0.16-1~deb12u1) ...
Selecting previously unselected package libfido2-1:amd64.
Preparing to unpack .../04-libfido2-1_1.12.0-2+b1_amd64.deb ...
Unpacking libfido2-1:amd64 (1.12.0-2+b1) ...
Selecting previously unselected package openssh-client.
Preparing to unpack .../05-openssh-client_1%3a9.2p1-2+deb12u10_amd64.deb ...
Unpacking openssh-client (1:9.2p1-2+deb12u10) ...
Selecting previously unselected package libnghttp2-14:amd64.
Preparing to unpack .../06-libnghttp2-14_1.52.0-1+deb12u3_amd64.deb ...
Unpacking libnghttp2-14:amd64 (1.52.0-1+deb12u3) ...
Selecting previously unselected package libpsl5:amd64.
Preparing to unpack .../07-libpsl5_0.21.2-1_amd64.deb ...
Unpacking libpsl5:amd64 (0.21.2-1) ...
Selecting previously unselected package librtmp1:amd64.
Preparing to unpack .../08-librtmp1_2.4+20151223.gitfa8646d.1-2+b2_amd64.deb ...
Unpacking librtmp1:amd64 (2.4+20151223.gitfa8646d.1-2+b2) ...
Selecting previously unselected package libssh2-1:amd64.
Preparing to unpack .../09-libssh2-1_1.10.0-3+b1_amd64.deb ...
Unpacking libssh2-1:amd64 (1.10.0-3+b1) ...
Selecting previously unselected package libcurl3-gnutls:amd64.
Preparing to unpack .../10-libcurl3-gnutls_7.88.1-10+deb12u15_amd64.deb ...
Unpacking libcurl3-gnutls:amd64 (7.88.1-10+deb12u15) ...
Selecting previously unselected package liberror-perl.
Preparing to unpack .../11-liberror-perl_0.17029-2_all.deb ...
Unpacking liberror-perl (0.17029-2) ...
Selecting previously unselected package git-man.
Preparing to unpack .../12-git-man_1%3a2.39.5-0+deb12u3_all.deb ...
Unpacking git-man (1:2.39.5-0+deb12u3) ...
Selecting previously unselected package git.
Preparing to unpack .../13-git_1%3a2.39.5-0+deb12u3_amd64.deb ...
Unpacking git (1:2.39.5-0+deb12u3) ...
Selecting previously unselected package libxext6:amd64.
Preparing to unpack .../14-libxext6_2%3a1.3.4-1+b1_amd64.deb ...
Unpacking libxext6:amd64 (2:1.3.4-1+b1) ...
Selecting previously unselected package libxmuu1:amd64.
Preparing to unpack .../15-libxmuu1_2%3a1.1.3-3_amd64.deb ...
Unpacking libxmuu1:amd64 (2:1.1.3-3) ...
Preparing to unpack .../16-openssl_3.0.20-1~deb12u2_amd64.deb ...
Unpacking openssl (3.0.20-1~deb12u2) over (3.0.16-1~deb12u1) ...
Selecting previously unselected package publicsuffix.
Preparing to unpack .../17-publicsuffix_20230209.2326-1_all.deb ...
Unpacking publicsuffix (20230209.2326-1) ...
Selecting previously unselected package xauth.
Preparing to unpack .../18-xauth_1%3a1.1.2-1_amd64.deb ...
Unpacking xauth (1:1.1.2-1) ...
Setting up libpsl5:amd64 (0.21.2-1) ...
Setting up libcbor0.8:amd64 (0.8.0-2+b1) ...
Setting up libedit2:amd64 (3.1-20221030-2) ...
Setting up libssl3:amd64 (3.0.20-1~deb12u2) ...
Setting up libnghttp2-14:amd64 (1.52.0-1+deb12u3) ...
Setting up less (590-2.1~deb12u2) ...
Setting up libxext6:amd64 (2:1.3.4-1+b1) ...
Setting up liberror-perl (0.17029-2) ...
Setting up librtmp1:amd64 (2.4+20151223.gitfa8646d.1-2+b2) ...
Setting up git-man (1:2.39.5-0+deb12u3) ...
Setting up libssh2-1:amd64 (1.10.0-3+b1) ...
Setting up libfido2-1:amd64 (1.12.0-2+b1) ...
Setting up openssl (3.0.20-1~deb12u2) ...
Setting up publicsuffix (20230209.2326-1) ...
Setting up libxmuu1:amd64 (2:1.1.3-3) ...
Setting up openssh-client (1:9.2p1-2+deb12u10) ...
Setting up libcurl3-gnutls:amd64 (7.88.1-10+deb12u15) ...
Setting up git (1:2.39.5-0+deb12u3) ...
Setting up xauth (1:1.1.2-1) ...
Processing triggers for libc-bin (2.36-9+deb12u10) ...
Saving image...
Image saved, took 870.26ms

Built image im-M0te04aofCU47o5qALhKpr in 6.34s


Building image im-HYGRZ5TDRxP5LErnpMsocq

=> Step 0: FROM base

=> Step 1: RUN python -m pip install 'torch-geometric>=2.3.0'
Looking in indexes: http://pypi-mirror.modal.local:5555/simple
Collecting torch-geometric>=2.3.0
  Downloading http://pypi-mirror.modal.local:5555/simple/torch-geometric/torch_geometric-2.8.0.post1-py3-none-any.whl.metadata (64 kB)
Collecting aiohttp (from torch-geometric>=2.3.0)
  Downloading http://pypi-mirror.modal.local:5555/simple/aiohttp/aiohttp-3.14.3-cp310-cp310-manylinux2014_x86_64.manylinux_2_17_x86_64.manylinux_2_28_x86_64.whl.metadata (8.3 kB)
Collecting fsspec (from torch-geometric>=2.3.0)
  Downloading http://pypi-mirror.modal.local:5555/simple/fsspec/fsspec-2026.7.0-py3-none-any.whl.metadata (10 kB)
Collecting jinja2 (from torch-geometric>=2.3.0)
  Downloading http://pypi-mirror.modal.local:5555/simple/jinja2/jinja2-3.1.6-py3-none-any.whl.metadata (2.9 kB)
Collecting numpy (from torch-geometric>=2.3.0)
  Downloading http://pypi-mirror.modal.local:5555/simple/numpy/numpy-2.2.6-cp310-cp310-manylinux_2_17_x86_64.manylinux2014_x86_64.whl.metadata (62 kB)
Collecting psutil>=5.8.0 (from torch-geometric>=2.3.0)
  Downloading http://pypi-mirror.modal.local:5555/simple/psutil/psutil-7.2.2-cp36-abi3-manylinux2010_x86_64.manylinux_2_12_x86_64.manylinux_2_28_x86_64.whl.metadata (22 kB)
Collecting pyparsing (from torch-geometric>=2.3.0)
  Downloading http://pypi-mirror.modal.local:5555/simple/pyparsing/pyparsing-3.3.2-py3-none-any.whl.metadata (5.8 kB)
Collecting requests (from torch-geometric>=2.3.0)
  Downloading http://pypi-mirror.modal.local:5555/simple/requests/requests-2.34.2-py3-none-any.whl.metadata (4.8 kB)
Collecting tqdm (from torch-geometric>=2.3.0)
  Downloading http://pypi-mirror.modal.local:5555/simple/tqdm/tqdm-4.70.0-py3-none-any.whl.metadata (57 kB)
Collecting xxhash (from torch-geometric>=2.3.0)
  Downloading http://pypi-mirror.modal.local:5555/simple/xxhash/xxhash-3.8.1-cp310-cp310-manylinux2014_x86_64.manylinux_2_17_x86_64.manylinux_2_28_x86_64.whl.metadata (15 kB)
Collecting aiohappyeyeballs>=2.5.0 (from aiohttp->torch-geometric>=2.3.0)
  Downloading http://pypi-mirror.modal.local:5555/simple/aiohappyeyeballs/aiohappyeyeballs-2.7.1-py3-none-any.whl.metadata (5.9 kB)
Collecting aiosignal>=1.4.0 (from aiohttp->torch-geometric>=2.3.0)
  Downloading http://pypi-mirror.modal.local:5555/simple/aiosignal/aiosignal-1.4.0-py3-none-any.whl.metadata (3.7 kB)
Collecting async-timeout<6.0,>=4.0 (from aiohttp->torch-geometric>=2.3.0)
  Downloading http://pypi-mirror.modal.local:5555/simple/async-timeout/async_timeout-5.0.1-py3-none-any.whl.metadata (5.1 kB)
Collecting attrs>=17.3.0 (from aiohttp->torch-geometric>=2.3.0)
  Downloading http://pypi-mirror.modal.local:5555/simple/attrs/attrs-26.1.0-py3-none-any.whl.metadata (8.8 kB)
Collecting frozenlist>=1.1.1 (from aiohttp->torch-geometric>=2.3.0)
  Downloading http://pypi-mirror.modal.local:5555/simple/frozenlist/frozenlist-1.8.0-cp310-cp310-manylinux1_x86_64.manylinux_2_28_x86_64.manylinux_2_5_x86_64.whl.metadata (20 kB)
Collecting multidict<7.0,>=4.5 (from aiohttp->torch-geometric>=2.3.0)
  Downloading http://pypi-mirror.modal.local:5555/simple/multidict/multidict-6.7.1-cp310-cp310-manylinux2014_x86_64.manylinux_2_17_x86_64.manylinux_2_28_x86_64.whl.metadata (5.3 kB)
Collecting propcache>=0.2.0 (from aiohttp->torch-geometric>=2.3.0)
  Downloading http://pypi-mirror.modal.local:5555/simple/propcache/propcache-0.5.2-cp310-cp310-manylinux2014_x86_64.manylinux_2_17_x86_64.manylinux_2_28_x86_64.whl.metadata (16 kB)
Collecting typing_extensions>=4.4 (from aiohttp->torch-geometric>=2.3.0)
  Downloading http://pypi-mirror.modal.local:5555/simple/typing-extensions/typing_extensions-4.16.0-py3-none-any.whl.metadata (3.3 kB)
Collecting yarl<2.0,>=1.17.0 (from aiohttp->torch-geometric>=2.3.0)
  Downloading http://pypi-mirror.modal.local:5555/simple/yarl/yarl-1.24.5-cp310-cp310-manylinux2014_x86_64.manylinux_2_17_x86_64.manylinux_2_28_x86_64.whl.metadata (103 kB)
Collecting idna>=2.0 (from yarl<2.0,>=1.17.0->aiohttp->torch-geometric>=2.3.0)
  Downloading http://pypi-mirror.modal.local:5555/simple/idna/idna-3.18-py3-none-any.whl.metadata (6.1 kB)
Collecting MarkupSafe>=2.0 (from jinja2->torch-geometric>=2.3.0)
  Downloading http://pypi-mirror.modal.local:5555/simple/markupsafe/markupsafe-3.0.3-cp310-cp310-manylinux2014_x86_64.manylinux_2_17_x86_64.manylinux_2_28_x86_64.whl.metadata (2.7 kB)
Collecting charset_normalizer<4,>=2 (from requests->torch-geometric>=2.3.0)
  Downloading http://pypi-mirror.modal.local:5555/simple/charset-normalizer/charset_normalizer-3.4.9-cp310-cp310-manylinux2014_x86_64.manylinux_2_17_x86_64.manylinux_2_28_x86_64.whl.metadata (41 kB)
Collecting urllib3<3,>=1.26 (from requests->torch-geometric>=2.3.0)
  Downloading http://pypi-mirror.modal.local:5555/simple/urllib3/urllib3-2.7.0-py3-none-any.whl.metadata (6.9 kB)
Collecting certifi>=2023.5.7 (from requests->torch-geometric>=2.3.0)
  Downloading http://pypi-mirror.modal.local:5555/simple/certifi/certifi-2026.7.22-py3-none-any.whl.metadata (2.5 kB)
Downloading http://pypi-mirror.modal.local:5555/simple/torch-geometric/torch_geometric-2.8.0.post1-py3-none-any.whl (1.3 MB)
   ━━━━━━━━━━━━━━━━━━━━━━━━━━━━━━━━━━━━━━━━ 1.3/1.3 MB 40.3 MB/s eta 0:00:00
Downloading http://pypi-mirror.modal.local:5555/simple/psutil/psutil-7.2.2-cp36-abi3-manylinux2010_x86_64.manylinux_2_12_x86_64.manylinux_2_28_x86_64.whl (155 kB)
Downloading http://pypi-mirror.modal.local:5555/simple/aiohttp/aiohttp-3.14.3-cp310-cp310-manylinux2014_x86_64.manylinux_2_17_x86_64.manylinux_2_28_x86_64.whl (1.7 MB)
   ━━━━━━━━━━━━━━━━━━━━━━━━━━━━━━━━━━━━━━━━ 1.7/1.7 MB 83.7 MB/s eta 0:00:00
Downloading http://pypi-mirror.modal.local:5555/simple/async-timeout/async_timeout-5.0.1-py3-none-any.whl (6.2 kB)
Downloading http://pypi-mirror.modal.local:5555/simple/multidict/multidict-6.7.1-cp310-cp310-manylinux2014_x86_64.manylinux_2_17_x86_64.manylinux_2_28_x86_64.whl (243 kB)
Downloading http://pypi-mirror.modal.local:5555/simple/yarl/yarl-1.24.5-cp310-cp310-manylinux2014_x86_64.manylinux_2_17_x86_64.manylinux_2_28_x86_64.whl (110 kB)
Downloading http://pypi-mirror.modal.local:5555/simple/aiohappyeyeballs/aiohappyeyeballs-2.7.1-py3-none-any.whl (15 kB)
Downloading http://pypi-mirror.modal.local:5555/simple/aiosignal/aiosignal-1.4.0-py3-none-any.whl (7.5 kB)
Downloading http://pypi-mirror.modal.local:5555/simple/attrs/attrs-26.1.0-py3-none-any.whl (67 kB)
Downloading http://pypi-mirror.modal.local:5555/simple/frozenlist/frozenlist-1.8.0-cp310-cp310-manylinux1_x86_64.manylinux_2_28_x86_64.manylinux_2_5_x86_64.whl (219 kB)
Downloading http://pypi-mirror.modal.local:5555/simple/idna/idna-3.18-py3-none-any.whl (65 kB)
Downloading http://pypi-mirror.modal.local:5555/simple/propcache/propcache-0.5.2-cp310-cp310-manylinux2014_x86_64.manylinux_2_17_x86_64.manylinux_2_28_x86_64.whl (60 kB)
Downloading http://pypi-mirror.modal.local:5555/simple/typing-extensions/typing_extensions-4.16.0-py3-none-any.whl (45 kB)
Downloading http://pypi-mirror.modal.local:5555/simple/fsspec/fsspec-2026.7.0-py3-none-any.whl (206 kB)
Downloading http://pypi-mirror.modal.local:5555/simple/jinja2/jinja2-3.1.6-py3-none-any.whl (134 kB)
Downloading http://pypi-mirror.modal.local:5555/simple/markupsafe/markupsafe-3.0.3-cp310-cp310-manylinux2014_x86_64.manylinux_2_17_x86_64.manylinux_2_28_x86_64.whl (20 kB)
Downloading http://pypi-mirror.modal.local:5555/simple/numpy/numpy-2.2.6-cp310-cp310-manylinux_2_17_x86_64.manylinux2014_x86_64.whl (16.8 MB)
   ━━━━━━━━━━━━━━━━━━━━━━━━━━━━━━━━━━━━━━━━ 16.8/16.8 MB 452.2 MB/s eta 0:00:00
Downloading http://pypi-mirror.modal.local:5555/simple/pyparsing/pyparsing-3.3.2-py3-none-any.whl (122 kB)
Downloading http://pypi-mirror.modal.local:5555/simple/requests/requests-2.34.2-py3-none-any.whl (73 kB)
Downloading http://pypi-mirror.modal.local:5555/simple/charset-normalizer/charset_normalizer-3.4.9-cp310-cp310-manylinux2014_x86_64.manylinux_2_17_x86_64.manylinux_2_28_x86_64.whl (223 kB)
Downloading http://pypi-mirror.modal.local:5555/simple/urllib3/urllib3-2.7.0-py3-none-any.whl (131 kB)
Downloading http://pypi-mirror.modal.local:5555/simple/certifi/certifi-2026.7.22-py3-none-any.whl (136 kB)
Downloading http://pypi-mirror.modal.local:5555/simple/tqdm/tqdm-4.70.0-py3-none-any.whl (80 kB)
Downloading http://pypi-mirror.modal.local:5555/simple/xxhash/xxhash-3.8.1-cp310-cp310-manylinux2014_x86_64.manylinux_2_17_x86_64.manylinux_2_28_x86_64.whl (217 kB)
Installing collected packages: xxhash, urllib3, typing_extensions, tqdm, pyparsing, psutil, propcache, numpy, MarkupSafe, idna, fsspec, frozenlist, charset_normalizer, certifi, attrs, async-timeout, aiohappyeyeballs, requests, multidict, jinja2, aiosignal, yarl, aiohttp, torch-geometric

Successfully installed MarkupSafe-3.0.3 aiohappyeyeballs-2.7.1 aiohttp-3.14.3 aiosignal-1.4.0 async-timeout-5.0.1 attrs-26.1.0 certifi-2026.7.22 charset_normalizer-3.4.9 frozenlist-1.8.0 fsspec-2026.7.0 idna-3.18 jinja2-3.1.6 multidict-6.7.1 numpy-2.2.6 propcache-0.5.2 psutil-7.2.2 pyparsing-3.3.2 requests-2.34.2 torch-geometric-2.8.0.post1 tqdm-4.70.0 typing_extensions-4.16.0 urllib3-2.7.0 xxhash-3.8.1 yarl-1.24.5

[notice] A new release of pip is available: 25.1.1 -> 26.2.1
[notice] To update, run: pip install --upgrade pip
Saving image...
Image saved, took 667.05ms

Built image im-HYGRZ5TDRxP5LErnpMsocq in 9.37s


Building image im-KaDCuegDzaLQ0178QLimTD

=> Step 0: FROM base

=> Step 1: COPY /.requirements.txt /.requirements.txt

=> Step 2: RUN python -m pip install -r /.requirements.txt
Looking in indexes: http://pypi-mirror.modal.local:5555/simple
Collecting torch>=2.0.0 (from -r /.requirements.txt (line 2))
  Downloading http://pypi-mirror.modal.local:5555/simple/torch/torch-2.13.0-cp310-cp310-manylinux_2_28_x86_64.whl.metadata (38 kB)
Collecting torchvision>=0.15.0 (from -r /.requirements.txt (line 3))
  Downloading http://pypi-mirror.modal.local:5555/simple/torchvision/torchvision-0.28.0-cp310-cp310-manylinux_2_28_x86_64.whl.metadata (5.6 kB)
Requirement already satisfied: numpy>=1.24.0 in /usr/local/lib/python3.10/site-packages (from -r /.requirements.txt (line 4)) (2.2.6)
Collecting pandas>=2.0.0 (from -r /.requirements.txt (line 5))
  Downloading http://pypi-mirror.modal.local:5555/simple/pandas/pandas-2.3.3-cp310-cp310-manylinux_2_24_x86_64.manylinux_2_28_x86_64.whl.metadata (91 kB)
Collecting scipy>=1.10.0 (from -r /.requirements.txt (line 6))
  Downloading http://pypi-mirror.modal.local:5555/simple/scipy/scipy-1.15.3-cp310-cp310-manylinux_2_17_x86_64.manylinux2014_x86_64.whl.metadata (61 kB)
Collecting scikit-learn>=1.0.0 (from -r /.requirements.txt (line 7))
  Downloading http://pypi-mirror.modal.local:5555/simple/scikit-learn/scikit_learn-1.7.2-cp310-cp310-manylinux2014_x86_64.manylinux_2_17_x86_64.whl.metadata (11 kB)
Collecting matplotlib>=3.7.0 (from -r /.requirements.txt (line 8))
  Downloading http://pypi-mirror.modal.local:5555/simple/matplotlib/matplotlib-3.10.9-cp310-cp310-manylinux2014_x86_64.manylinux_2_17_x86_64.whl.metadata (52 kB)
Collecting seaborn>=0.12.0 (from -r /.requirements.txt (line 9))
  Downloading http://pypi-mirror.modal.local:5555/simple/seaborn/seaborn-0.13.2-py3-none-any.whl.metadata (5.4 kB)
Collecting transformers==4.38.0 (from -r /.requirements.txt (line 10))
  Downloading http://pypi-mirror.modal.local:5555/simple/transformers/transformers-4.38.0-py3-none-any.whl.metadata (131 kB)
Collecting peft>=0.4.0 (from -r /.requirements.txt (line 11))
  Downloading http://pypi-mirror.modal.local:5555/simple/peft/peft-0.20.0-py3-none-any.whl.metadata (14 kB)
Collecting accelerate>=0.20.0 (from -r /.requirements.txt (line 12))
  Downloading http://pypi-mirror.modal.local:5555/simple/accelerate/accelerate-1.14.0-py3-none-any.whl.metadata (19 kB)
Collecting datasets>=2.12.0 (from -r /.requirements.txt (line 13))
  Downloading http://pypi-mirror.modal.local:5555/simple/datasets/datasets-5.0.1-py3-none-any.whl.metadata (23 kB)
Collecting omegaconf>=2.3.0 (from -r /.requirements.txt (line 17))
  Downloading http://pypi-mirror.modal.local:5555/simple/omegaconf/omegaconf-2.3.1-py3-none-any.whl.metadata (4.5 kB)
Collecting pyyaml>=6.0 (from -r /.requirements.txt (line 18))
  Downloading http://pypi-mirror.modal.local:5555/simple/pyyaml/pyyaml-6.0.3-cp310-cp310-manylinux2014_x86_64.manylinux_2_17_x86_64.manylinux_2_28_x86_64.whl.metadata (2.4 kB)
Requirement already satisfied: tqdm>=4.65.0 in /usr/local/lib/python3.10/site-packages (from -r /.requirements.txt (line 19)) (4.70.0)
Collecting tensorboard>=2.13.0 (from -r /.requirements.txt (line 20))
  Downloading http://pypi-mirror.modal.local:5555/simple/tensorboard/tensorboard-2.21.0-py3-none-any.whl.metadata (1.8 kB)
Collecting wandb>=0.15.0 (from -r /.requirements.txt (line 21))
  Downloading http://pypi-mirror.modal.local:5555/simple/wandb/wandb-0.28.1-py3-none-manylinux_2_28_x86_64.whl.metadata (11 kB)
Collecting modal>=0.56.0 (from -r /.requirements.txt (line 22))
  Downloading http://pypi-mirror.modal.local:5555/simple/modal/modal-1.5.3-py3-none-any.whl.metadata (2.5 kB)
Collecting pillow>=9.5.0 (from -r /.requirements.txt (line 23))
  Downloading http://pypi-mirror.modal.local:5555/simple/pillow/pillow-12.3.0-cp310-cp310-manylinux_2_27_x86_64.manylinux_2_28_x86_64.whl.metadata (9.1 kB)
Collecting umap-learn>=0.5.0 (from -r /.requirements.txt (line 24))
  Downloading http://pypi-mirror.modal.local:5555/simple/umap-learn/umap_learn-0.5.12-py3-none-any.whl.metadata (24 kB)
Collecting hdbscan>=0.8.33 (from -r /.requirements.txt (line 25))
  Downloading http://pypi-mirror.modal.local:5555/simple/hdbscan/hdbscan-0.8.44-cp310-cp310-manylinux2014_x86_64.manylinux_2_17_x86_64.manylinux_2_28_x86_64.whl.metadata (15 kB)
Collecting optuna>=3.0.0 (from -r /.requirements.txt (line 28))
  Downloading http://pypi-mirror.modal.local:5555/simple/optuna/optuna-4.9.0-py3-none-any.whl.metadata (15 kB)
Requirement already satisfied: torch-geometric>=2.3.0 in /usr/local/lib/python3.10/site-packages (from -r /.requirements.txt (line 41)) (2.8.0.post1)
Collecting ipython>=8.14.0 (from -r /.requirements.txt (line 43))
  Downloading http://pypi-mirror.modal.local:5555/simple/ipython/ipython-8.39.0-py3-none-any.whl.metadata (5.1 kB)
Collecting jupyter>=1.0.0 (from -r /.requirements.txt (line 44))
  Downloading http://pypi-mirror.modal.local:5555/simple/jupyter/jupyter-1.1.1-py2.py3-none-any.whl.metadata (2.0 kB)
Collecting tmdbsimple>=2.9.0 (from -r /.requirements.txt (line 46))
  Downloading http://pypi-mirror.modal.local:5555/simple/tmdbsimple/tmdbsimple-2.9.8-py3-none-any.whl.metadata (7.2 kB)
Collecting pytest>=7.4.0 (from -r /.requirements.txt (line 49))
  Downloading http://pypi-mirror.modal.local:5555/simple/pytest/pytest-9.1.1-py3-none-any.whl.metadata (7.6 kB)
Collecting black>=23.0.0 (from -r /.requirements.txt (line 50))
  Downloading http://pypi-mirror.modal.local:5555/simple/black/black-26.5.1-cp310-cp310-manylinux2014_x86_64.manylinux_2_17_x86_64.manylinux_2_28_x86_64.whl.metadata (95 kB)
Collecting flake8>=6.0.0 (from -r /.requirements.txt (line 51))
  Downloading http://pypi-mirror.modal.local:5555/simple/flake8/flake8-7.3.0-py2.py3-none-any.whl.metadata (3.8 kB)
Collecting mypy>=1.4.0 (from -r /.requirements.txt (line 52))
  Downloading http://pypi-mirror.modal.local:5555/simple/mypy/mypy-2.3.0-cp310-cp310-manylinux2014_x86_64.manylinux_2_17_x86_64.manylinux_2_28_x86_64.whl.metadata (2.4 kB)
Collecting filelock (from transformers==4.38.0->-r /.requirements.txt (line 10))
  Downloading http://pypi-mirror.modal.local:5555/simple/filelock/filelock-3.32.2-py3-none-any.whl.metadata (2.0 kB)
Collecting huggingface-hub<1.0,>=0.19.3 (from transformers==4.38.0->-r /.requirements.txt (line 10))
  Downloading http://pypi-mirror.modal.local:5555/simple/huggingface-hub/huggingface_hub-0.36.2-py3-none-any.whl.metadata (15 kB)
Collecting packaging>=20.0 (from transformers==4.38.0->-r /.requirements.txt (line 10))
  Downloading http://pypi-mirror.modal.local:5555/simple/packaging/packaging-26.3-py3-none-any.whl.metadata (3.5 kB)
Collecting regex!=2019.12.17 (from transformers==4.38.0->-r /.requirements.txt (line 10))
  Downloading http://pypi-mirror.modal.local:5555/simple/regex/regex-2026.7.19-cp310-cp310-manylinux2014_x86_64.manylinux_2_17_x86_64.manylinux_2_28_x86_64.whl.metadata (40 kB)
Requirement already satisfied: requests in /usr/local/lib/python3.10/site-packages (from transformers==4.38.0->-r /.requirements.txt (line 10)) (2.34.2)
Collecting tokenizers<0.19,>=0.14 (from transformers==4.38.0->-r /.requirements.txt (line 10))
  Downloading http://pypi-mirror.modal.local:5555/simple/tokenizers/tokenizers-0.15.2-cp310-cp310-manylinux_2_17_x86_64.manylinux2014_x86_64.whl.metadata (6.7 kB)
Collecting safetensors>=0.4.1 (from transformers==4.38.0->-r /.requirements.txt (line 10))
  Downloading http://pypi-mirror.modal.local:5555/simple/safetensors/safetensors-0.8.0-cp310-abi3-manylinux_2_17_x86_64.manylinux2014_x86_64.whl.metadata (4.2 kB)
Requirement already satisfied: fsspec>=2023.5.0 in /usr/local/lib/python3.10/site-packages (from huggingface-hub<1.0,>=0.19.3->transformers==4.38.0->-r /.requirements.txt (line 10)) (2026.7.0)
Collecting hf-xet<2.0.0,>=1.1.3 (from huggingface-hub<1.0,>=0.19.3->transformers==4.38.0->-r /.requirements.txt (line 10))
  Downloading http://pypi-mirror.modal.local:5555/simple/hf-xet/hf_xet-1.6.0-cp38-abi3-manylinux2014_x86_64.manylinux_2_17_x86_64.whl.metadata (4.9 kB)
Requirement already satisfied: typing-extensions>=3.7.4.3 in /usr/local/lib/python3.10/site-packages (from huggingface-hub<1.0,>=0.19.3->transformers==4.38.0->-r /.requirements.txt (line 10)) (4.16.0)
Collecting setuptools>=77.0.3 (from torch>=2.0.0->-r /.requirements.txt (line 2))
  Downloading http://pypi-mirror.modal.local:5555/simple/setuptools/setuptools-83.0.0-py3-none-any.whl.metadata (6.6 kB)
Collecting sympy>=1.13.3 (from torch>=2.0.0->-r /.requirements.txt (line 2))
  Downloading http://pypi-mirror.modal.local:5555/simple/sympy/sympy-1.14.0-py3-none-any.whl.metadata (12 kB)
Collecting networkx>=2.5.1 (from torch>=2.0.0->-r /.requirements.txt (line 2))
  Downloading http://pypi-mirror.modal.local:5555/simple/networkx/networkx-3.4.2-py3-none-any.whl.metadata (6.3 kB)
Requirement already satisfied: jinja2 in /usr/local/lib/python3.10/site-packages (from torch>=2.0.0->-r /.requirements.txt (line 2)) (3.1.6)
Collecting cuda-toolkit==13.0.3 (from cuda-toolkit[cublas,cudart,cufft,cufile,cupti,curand,cusolver,cusparse,nvjitlink,nvrtc,nvtx]==13.0.3; platform_system == "Linux"->torch>=2.0.0->-r /.requirements.txt (line 2))
  Downloading http://pypi-mirror.modal.local:5555/simple/cuda-toolkit/cuda_toolkit-13.0.3.0-py2.py3-none-any.whl.metadata (17 kB)
Collecting cuda-bindings<14,>=13.0.3 (from torch>=2.0.0->-r /.requirements.txt (line 2))
  Downloading http://pypi-mirror.modal.local:5555/simple/cuda-bindings/cuda_bindings-13.3.1-cp310-cp310-manylinux_2_24_x86_64.manylinux_2_28_x86_64.whl.metadata (2.5 kB)
Collecting nvidia-cudnn-cu13==9.20.0.48 (from torch>=2.0.0->-r /.requirements.txt (line 2))
  Downloading http://pypi-mirror.modal.local:5555/simple/nvidia-cudnn-cu13/nvidia_cudnn_cu13-9.20.0.48-py3-none-manylinux_2_27_x86_64.whl.metadata (1.9 kB)
Collecting nvidia-cusparselt-cu13==0.8.1 (from torch>=2.0.0->-r /.requirements.txt (line 2))
  Downloading http://pypi-mirror.modal.local:5555/simple/nvidia-cusparselt-cu13/nvidia_cusparselt_cu13-0.8.1-py3-none-manylinux2014_x86_64.whl.metadata (12 kB)
Collecting nvidia-nccl-cu13==2.29.7 (from torch>=2.0.0->-r /.requirements.txt (line 2))
  Downloading http://pypi-mirror.modal.local:5555/simple/nvidia-nccl-cu13/nvidia_nccl_cu13-2.29.7-py3-none-manylinux_2_18_x86_64.whl.metadata (2.1 kB)
Collecting nvidia-nvshmem-cu13==3.4.5 (from torch>=2.0.0->-r /.requirements.txt (line 2))
  Downloading http://pypi-mirror.modal.local:5555/simple/nvidia-nvshmem-cu13/nvidia_nvshmem_cu13-3.4.5-py3-none-manylinux2014_x86_64.manylinux_2_17_x86_64.whl.metadata (2.1 kB)
Collecting triton==3.7.1 (from torch>=2.0.0->-r /.requirements.txt (line 2))
  Downloading http://pypi-mirror.modal.local:5555/simple/triton/triton-3.7.1-cp310-cp310-manylinux_2_27_x86_64.manylinux_2_28_x86_64.whl.metadata (1.7 kB)
Collecting nvidia-cublas==13.1.1.3.* (from cuda-toolkit[cublas,cudart,cufft,cufile,cupti,curand,cusolver,cusparse,nvjitlink,nvrtc,nvtx]==13.0.3; platform_system == "Linux"->torch>=2.0.0->-r /.requirements.txt (line 2))
  Downloading http://pypi-mirror.modal.local:5555/simple/nvidia-cublas/nvidia_cublas-13.1.1.3-py3-none-manylinux_2_27_x86_64.whl.metadata (1.8 kB)
Collecting nvidia-cusolver==12.0.4.66.* (from cuda-toolkit[cublas,cudart,cufft,cufile,cupti,curand,cusolver,cusparse,nvjitlink,nvrtc,nvtx]==13.0.3; platform_system == "Linux"->torch>=2.0.0->-r /.requirements.txt (line 2))
  Downloading http://pypi-mirror.modal.local:5555/simple/nvidia-cusolver/nvidia_cusolver-12.0.4.66-py3-none-manylinux_2_27_x86_64.whl.metadata (1.8 kB)
Collecting nvidia-cusparse==12.6.3.3.* (from cuda-toolkit[cublas,cudart,cufft,cufile,cupti,curand,cusolver,cusparse,nvjitlink,nvrtc,nvtx]==13.0.3; platform_system == "Linux"->torch>=2.0.0->-r /.requirements.txt (line 2))
  Downloading http://pypi-mirror.modal.local:5555/simple/nvidia-cusparse/nvidia_cusparse-12.6.3.3-py3-none-manylinux2014_x86_64.manylinux_2_17_x86_64.whl.metadata (1.8 kB)
Collecting nvidia-nvjitlink<14,>=13.0.88 (from cuda-toolkit[cublas,cudart,cufft,cufile,cupti,curand,cusolver,cusparse,nvjitlink,nvrtc,nvtx]==13.0.3; platform_system == "Linux"->torch>=2.0.0->-r /.requirements.txt (line 2))
  Downloading http://pypi-mirror.modal.local:5555/simple/nvidia-nvjitlink/nvidia_nvjitlink-13.3.33-py3-none-manylinux2010_x86_64.manylinux_2_12_x86_64.whl.metadata (1.8 kB)
Collecting nvidia-cufile==1.15.1.6.* (from cuda-toolkit[cublas,cudart,cufft,cufile,cupti,curand,cusolver,cusparse,nvjitlink,nvrtc,nvtx]==13.0.3; platform_system == "Linux"->torch>=2.0.0->-r /.requirements.txt (line 2))
  Downloading http://pypi-mirror.modal.local:5555/simple/nvidia-cufile/nvidia_cufile-1.15.1.6-py3-none-manylinux2014_x86_64.manylinux_2_17_x86_64.whl.metadata (1.7 kB)
Collecting nvidia-cufft==12.0.0.61.* (from cuda-toolkit[cublas,cudart,cufft,cufile,cupti,curand,cusolver,cusparse,nvjitlink,nvrtc,nvtx]==13.0.3; platform_system == "Linux"->torch>=2.0.0->-r /.requirements.txt (line 2))
  Downloading http://pypi-mirror.modal.local:5555/simple/nvidia-cufft/nvidia_cufft-12.0.0.61-py3-none-manylinux2014_x86_64.manylinux_2_17_x86_64.whl.metadata (1.8 kB)
Collecting nvidia-nvtx==13.0.85.* (from cuda-toolkit[cublas,cudart,cufft,cufile,cupti,curand,cusolver,cusparse,nvjitlink,nvrtc,nvtx]==13.0.3; platform_system == "Linux"->torch>=2.0.0->-r /.requirements.txt (line 2))
  Downloading http://pypi-mirror.modal.local:5555/simple/nvidia-nvtx/nvidia_nvtx-13.0.85-py3-none-manylinux1_x86_64.manylinux_2_5_x86_64.whl.metadata (1.8 kB)
Collecting nvidia-cuda-cupti==13.0.85.* (from cuda-toolkit[cublas,cudart,cufft,cufile,cupti,curand,cusolver,cusparse,nvjitlink,nvrtc,nvtx]==13.0.3; platform_system == "Linux"->torch>=2.0.0->-r /.requirements.txt (line 2))
  Downloading http://pypi-mirror.modal.local:5555/simple/nvidia-cuda-cupti/nvidia_cuda_cupti-13.0.85-py3-none-manylinux_2_25_x86_64.whl.metadata (1.7 kB)
Collecting nvidia-cuda-nvrtc==13.0.88.* (from cuda-toolkit[cublas,cudart,cufft,cufile,cupti,curand,cusolver,cusparse,nvjitlink,nvrtc,nvtx]==13.0.3; platform_system == "Linux"->torch>=2.0.0->-r /.requirements.txt (line 2))
  Downloading http://pypi-mirror.modal.local:5555/simple/nvidia-cuda-nvrtc/nvidia_cuda_nvrtc-13.0.88-py3-none-manylinux2010_x86_64.manylinux_2_12_x86_64.whl.metadata (1.7 kB)
Collecting nvidia-cuda-runtime==13.0.96.* (from cuda-toolkit[cublas,cudart,cufft,cufile,cupti,curand,cusolver,cusparse,nvjitlink,nvrtc,nvtx]==13.0.3; platform_system == "Linux"->torch>=2.0.0->-r /.requirements.txt (line 2))
  Downloading http://pypi-mirror.modal.local:5555/simple/nvidia-cuda-runtime/nvidia_cuda_runtime-13.0.96-py3-none-manylinux2014_x86_64.manylinux_2_17_x86_64.whl.metadata (1.7 kB)
Collecting nvidia-curand==10.4.0.35.* (from cuda-toolkit[cublas,cudart,cufft,cufile,cupti,curand,cusolver,cusparse,nvjitlink,nvrtc,nvtx]==13.0.3; platform_system == "Linux"->torch>=2.0.0->-r /.requirements.txt (line 2))
  Downloading http://pypi-mirror.modal.local:5555/simple/nvidia-curand/nvidia_curand-10.4.0.35-py3-none-manylinux_2_27_x86_64.whl.metadata (1.7 kB)
Collecting cuda-pathfinder>=1.4.2 (from cuda-bindings<14,>=13.0.3->torch>=2.0.0->-r /.requirements.txt (line 2))
  Downloading http://pypi-mirror.modal.local:5555/simple/cuda-pathfinder/cuda_pathfinder-1.6.0-py3-none-any.whl.metadata (1.9 kB)
Collecting python-dateutil>=2.8.2 (from pandas>=2.0.0->-r /.requirements.txt (line 5))
  Downloading http://pypi-mirror.modal.local:5555/simple/python-dateutil/python_dateutil-2.9.0.post0-py2.py3-none-any.whl.metadata (8.4 kB)
Collecting pytz>=2020.1 (from pandas>=2.0.0->-r /.requirements.txt (line 5))
  Downloading http://pypi-mirror.modal.local:5555/simple/pytz/pytz-2026.3.post1-py2.py3-none-any.whl.metadata (22 kB)
Collecting tzdata>=2022.7 (from pandas>=2.0.0->-r /.requirements.txt (line 5))
  Downloading http://pypi-mirror.modal.local:5555/simple/tzdata/tzdata-2026.3-py2.py3-none-any.whl.metadata (1.4 kB)
Collecting joblib>=1.2.0 (from scikit-learn>=1.0.0->-r /.requirements.txt (line 7))
  Downloading http://pypi-mirror.modal.local:5555/simple/joblib/joblib-1.5.3-py3-none-any.whl.metadata (5.5 kB)
Collecting threadpoolctl>=3.1.0 (from scikit-learn>=1.0.0->-r /.requirements.txt (line 7))
  Downloading http://pypi-mirror.modal.local:5555/simple/threadpoolctl/threadpoolctl-3.6.0-py3-none-any.whl.metadata (13 kB)
Collecting contourpy>=1.0.1 (from matplotlib>=3.7.0->-r /.requirements.txt (line 8))
  Downloading http://pypi-mirror.modal.local:5555/simple/contourpy/contourpy-1.3.2-cp310-cp310-manylinux_2_17_x86_64.manylinux2014_x86_64.whl.metadata (5.5 kB)
Collecting cycler>=0.10 (from matplotlib>=3.7.0->-r /.requirements.txt (line 8))
  Downloading http://pypi-mirror.modal.local:5555/simple/cycler/cycler-0.12.1-py3-none-any.whl.metadata (3.8 kB)
Collecting fonttools>=4.22.0 (from matplotlib>=3.7.0->-r /.requirements.txt (line 8))
  Downloading http://pypi-mirror.modal.local:5555/simple/fonttools/fonttools-4.63.0-cp310-cp310-manylinux2014_x86_64.manylinux_2_17_x86_64.whl.metadata (118 kB)
Collecting kiwisolver>=1.3.1 (from matplotlib>=3.7.0->-r /.requirements.txt (line 8))
  Downloading http://pypi-mirror.modal.local:5555/simple/kiwisolver/kiwisolver-1.5.0-cp310-cp310-manylinux_2_12_x86_64.manylinux2010_x86_64.whl.metadata (5.1 kB)
Requirement already satisfied: pyparsing>=3 in /usr/local/lib/python3.10/site-packages (from matplotlib>=3.7.0->-r /.requirements.txt (line 8)) (3.3.2)
Requirement already satisfied: psutil in /usr/local/lib/python3.10/site-packages (from peft>=0.4.0->-r /.requirements.txt (line 11)) (7.2.2)
Collecting pyarrow>=21.0.0 (from datasets>=2.12.0->-r /.requirements.txt (line 13))
  Downloading http://pypi-mirror.modal.local:5555/simple/pyarrow/pyarrow-25.0.0-cp310-cp310-manylinux_2_28_x86_64.whl.metadata (3.0 kB)
Collecting dill<0.4.2,>=0.3.0 (from datasets>=2.12.0->-r /.requirements.txt (line 13))
  Downloading http://pypi-mirror.modal.local:5555/simple/dill/dill-0.4.1-py3-none-any.whl.metadata (10 kB)
Collecting httpx<1.0.0 (from datasets>=2.12.0->-r /.requirements.txt (line 13))
  Downloading http://pypi-mirror.modal.local:5555/simple/httpx/httpx-0.28.1-py3-none-any.whl.metadata (7.1 kB)
Requirement already satisfied: xxhash in /usr/local/lib/python3.10/site-packages (from datasets>=2.12.0->-r /.requirements.txt (line 13)) (3.8.1)
Collecting multiprocess<0.70.20 (from datasets>=2.12.0->-r /.requirements.txt (line 13))
  Downloading http://pypi-mirror.modal.local:5555/simple/multiprocess/multiprocess-0.70.19-py310-none-any.whl.metadata (7.5 kB)
Collecting fsspec>=2023.5.0 (from huggingface-hub<1.0,>=0.19.3->transformers==4.38.0->-r /.requirements.txt (line 10))
  Downloading http://pypi-mirror.modal.local:5555/simple/fsspec/fsspec-2026.6.0-py3-none-any.whl.metadata (10 kB)
Requirement already satisfied: aiohttp!=4.0.0a0,!=4.0.0a1 in /usr/local/lib/python3.10/site-packages (from fsspec[http]<=2026.6.0,>=2023.1.0->datasets>=2.12.0->-r /.requirements.txt (line 13)) (3.14.3)
Collecting anyio (from httpx<1.0.0->datasets>=2.12.0->-r /.requirements.txt (line 13))
  Downloading http://pypi-mirror.modal.local:5555/simple/anyio/anyio-4.14.2-py3-none-any.whl.metadata (4.6 kB)
Requirement already satisfied: certifi in /usr/local/lib/python3.10/site-packages (from httpx<1.0.0->datasets>=2.12.0->-r /.requirements.txt (line 13)) (2026.7.22)
Collecting httpcore==1.* (from httpx<1.0.0->datasets>=2.12.0->-r /.requirements.txt (line 13))
  Downloading http://pypi-mirror.modal.local:5555/simple/httpcore/httpcore-1.0.9-py3-none-any.whl.metadata (21 kB)
Requirement already satisfied: idna in /usr/local/lib/python3.10/site-packages (from httpx<1.0.0->datasets>=2.12.0->-r /.requirements.txt (line 13)) (3.18)
Collecting h11>=0.16 (from httpcore==1.*->httpx<1.0.0->datasets>=2.12.0->-r /.requirements.txt (line 13))
  Downloading http://pypi-mirror.modal.local:5555/simple/h11/h11-0.16.0-py3-none-any.whl.metadata (8.3 kB)
Collecting antlr4-python3-runtime==4.9.* (from omegaconf>=2.3.0->-r /.requirements.txt (line 17))
  Downloading http://pypi-mirror.modal.local:5555/simple/antlr4-python3-runtime/antlr4-python3-runtime-4.9.3.tar.gz (117 kB)
  Preparing metadata (setup.py): started
  Preparing metadata (setup.py): finished with status 'done'
Collecting absl-py>=0.4 (from tensorboard>=2.13.0->-r /.requirements.txt (line 20))
  Downloading http://pypi-mirror.modal.local:5555/simple/absl-py/absl_py-2.5.0-py3-none-any.whl.metadata (3.3 kB)
Collecting grpcio<2.0,>=1.74.0 (from tensorboard>=2.13.0->-r /.requirements.txt (line 20))
  Downloading http://pypi-mirror.modal.local:5555/simple/grpcio/grpcio-1.83.0-cp310-cp310-manylinux2014_x86_64.manylinux_2_17_x86_64.whl.metadata (3.7 kB)
Collecting markdown>=2.6.8 (from tensorboard>=2.13.0->-r /.requirements.txt (line 20))
  Downloading http://pypi-mirror.modal.local:5555/simple/markdown/markdown-3.10.3-py3-none-any.whl.metadata (5.1 kB)
Collecting protobuf<8.0.0,>=6.31.1 (from tensorboard>=2.13.0->-r /.requirements.txt (line 20))
  Downloading http://pypi-mirror.modal.local:5555/simple/protobuf/protobuf-7.35.1-cp310-abi3-manylinux2014_x86_64.whl.metadata (595 bytes)
Collecting tensorboard-data-server<0.8.0,>=0.7.0 (from tensorboard>=2.13.0->-r /.requirements.txt (line 20))
  Downloading http://pypi-mirror.modal.local:5555/simple/tensorboard-data-server/tensorboard_data_server-0.7.2-py3-none-manylinux_2_31_x86_64.whl.metadata (1.1 kB)
Collecting werkzeug>=1.0.1 (from tensorboard>=2.13.0->-r /.requirements.txt (line 20))
  Downloading http://pypi-mirror.modal.local:5555/simple/werkzeug/werkzeug-3.1.8-py3-none-any.whl.metadata (4.0 kB)
Collecting click>=8.2.0 (from wandb>=0.15.0->-r /.requirements.txt (line 21))
  Downloading http://pypi-mirror.modal.local:5555/simple/click/click-8.4.2-py3-none-any.whl.metadata (2.6 kB)
Collecting platformdirs (from wandb>=0.15.0->-r /.requirements.txt (line 21))
  Downloading http://pypi-mirror.modal.local:5555/simple/platformdirs/platformdirs-4.11.1-py3-none-any.whl.metadata (5.5 kB)
Collecting pydantic<3,>=2.6 (from wandb>=0.15.0->-r /.requirements.txt (line 21))
  Downloading http://pypi-mirror.modal.local:5555/simple/pydantic/pydantic-2.13.4-py3-none-any.whl.metadata (109 kB)
Collecting sentry-sdk>=2.0.0 (from wandb>=0.15.0->-r /.requirements.txt (line 21))
  Downloading http://pypi-mirror.modal.local:5555/simple/sentry-sdk/sentry_sdk-2.66.1-py3-none-any.whl.metadata (11 kB)
Collecting annotated-types>=0.6.0 (from pydantic<3,>=2.6->wandb>=0.15.0->-r /.requirements.txt (line 21))
  Downloading http://pypi-mirror.modal.local:5555/simple/annotated-types/annotated_types-0.8.0-py3-none-any.whl.metadata (15 kB)
Collecting pydantic-core==2.46.4 (from pydantic<3,>=2.6->wandb>=0.15.0->-r /.requirements.txt (line 21))
  Downloading http://pypi-mirror.modal.local:5555/simple/pydantic-core/pydantic_core-2.46.4-cp310-cp310-manylinux_2_17_x86_64.manylinux2014_x86_64.whl.metadata (6.6 kB)
Collecting typing-inspection>=0.4.2 (from pydantic<3,>=2.6->wandb>=0.15.0->-r /.requirements.txt (line 21))
  Downloading http://pypi-mirror.modal.local:5555/simple/typing-inspection/typing_inspection-0.4.2-py3-none-any.whl.metadata (2.6 kB)
Requirement already satisfied: charset_normalizer<4,>=2 in /usr/local/lib/python3.10/site-packages (from requests->transformers==4.38.0->-r /.requirements.txt (line 10)) (3.4.9)
Requirement already satisfied: urllib3<3,>=1.26 in /usr/local/lib/python3.10/site-packages (from requests->transformers==4.38.0->-r /.requirements.txt (line 10)) (2.7.0)
Collecting cbor2 (from modal>=0.56.0->-r /.requirements.txt (line 22))
  Downloading http://pypi-mirror.modal.local:5555/simple/cbor2/cbor2-6.1.4-cp310-cp310-manylinux_2_28_x86_64.whl.metadata (5.5 kB)
Collecting grpclib<0.4.10,>=0.4.7 (from modal>=0.56.0->-r /.requirements.txt (line 22))
  Downloading http://pypi-mirror.modal.local:5555/simple/grpclib/grpclib-0.4.9-py3-none-any.whl.metadata (6.1 kB)
Collecting protobuf<8.0.0,>=6.31.1 (from tensorboard>=2.13.0->-r /.requirements.txt (line 20))
  Downloading http://pypi-mirror.modal.local:5555/simple/protobuf/protobuf-6.33.6-cp39-abi3-manylinux2014_x86_64.whl.metadata (593 bytes)
Collecting rich>=12.0.0 (from modal>=0.56.0->-r /.requirements.txt (line 22))
  Downloading http://pypi-mirror.modal.local:5555/simple/rich/rich-15.0.0-py3-none-any.whl.metadata (18 kB)
Collecting synchronicity~=0.12.5 (from modal>=0.56.0->-r /.requirements.txt (line 22))
  Downloading http://pypi-mirror.modal.local:5555/simple/synchronicity/synchronicity-0.12.5-py3-none-any.whl.metadata (14 kB)
Collecting toml (from modal>=0.56.0->-r /.requirements.txt (line 22))
  Downloading http://pypi-mirror.modal.local:5555/simple/toml/toml-0.10.2-py2.py3-none-any.whl.metadata (7.1 kB)
Collecting types-certifi (from modal>=0.56.0->-r /.requirements.txt (line 22))
  Downloading http://pypi-mirror.modal.local:5555/simple/types-certifi/types_certifi-2021.10.8.3-py3-none-any.whl.metadata (1.4 kB)
Collecting types-toml (from modal>=0.56.0->-r /.requirements.txt (line 22))
  Downloading http://pypi-mirror.modal.local:5555/simple/types-toml/types_toml-0.10.8.20260518-py3-none-any.whl.metadata (1.7 kB)
Collecting watchfiles (from modal>=0.56.0->-r /.requirements.txt (line 22))
  Downloading http://pypi-mirror.modal.local:5555/simple/watchfiles/watchfiles-1.2.0-cp310-cp310-manylinux_2_17_x86_64.manylinux2014_x86_64.whl.metadata (4.9 kB)
Collecting h2<5,>=3.1.0 (from grpclib<0.4.10,>=0.4.7->modal>=0.56.0->-r /.requirements.txt (line 22))
  Downloading http://pypi-mirror.modal.local:5555/simple/h2/h2-4.4.1-py3-none-any.whl.metadata (3.8 kB)
Requirement already satisfied: multidict in /usr/local/lib/python3.10/site-packages (from grpclib<0.4.10,>=0.4.7->modal>=0.56.0->-r /.requirements.txt (line 22)) (6.7.1)
Collecting hyperframe<7,>=6.1 (from h2<5,>=3.1.0->grpclib<0.4.10,>=0.4.7->modal>=0.56.0->-r /.requirements.txt (line 22))
  Downloading http://pypi-mirror.modal.local:5555/simple/hyperframe/hyperframe-6.1.0-py3-none-any.whl.metadata (4.3 kB)
Collecting hpack<5,>=4.2 (from h2<5,>=3.1.0->grpclib<0.4.10,>=0.4.7->modal>=0.56.0->-r /.requirements.txt (line 22))
  Downloading http://pypi-mirror.modal.local:5555/simple/hpack/hpack-4.2.0-py3-none-any.whl.metadata (3.3 kB)
Collecting numba>=0.51.2 (from umap-learn>=0.5.0->-r /.requirements.txt (line 24))
  Downloading http://pypi-mirror.modal.local:5555/simple/numba/numba-0.66.0-cp310-cp310-manylinux2014_x86_64.manylinux_2_17_x86_64.whl.metadata (2.7 kB)
Collecting pynndescent>=0.5 (from umap-learn>=0.5.0->-r /.requirements.txt (line 24))
  Downloading http://pypi-mirror.modal.local:5555/simple/pynndescent/pynndescent-0.6.0-py3-none-any.whl.metadata (6.9 kB)
Collecting alembic>=1.5.0 (from optuna>=3.0.0->-r /.requirements.txt (line 28))
  Downloading http://pypi-mirror.modal.local:5555/simple/alembic/alembic-1.19.0-py3-none-any.whl.metadata (7.3 kB)
Collecting colorlog (from optuna>=3.0.0->-r /.requirements.txt (line 28))
  Downloading http://pypi-mirror.modal.local:5555/simple/colorlog/colorlog-6.12.0-py3-none-any.whl.metadata (11 kB)
Collecting sqlalchemy>=1.4.2 (from optuna>=3.0.0->-r /.requirements.txt (line 28))
  Downloading http://pypi-mirror.modal.local:5555/simple/sqlalchemy/sqlalchemy-2.0.51-cp310-cp310-manylinux2014_x86_64.manylinux_2_17_x86_64.manylinux_2_28_x86_64.whl.metadata (9.5 kB)
Collecting decorator (from ipython>=8.14.0->-r /.requirements.txt (line 43))
  Downloading http://pypi-mirror.modal.local:5555/simple/decorator/decorator-5.3.1-py3-none-any.whl.metadata (3.9 kB)
Collecting exceptiongroup (from ipython>=8.14.0->-r /.requirements.txt (line 43))
  Downloading http://pypi-mirror.modal.local:5555/simple/exceptiongroup/exceptiongroup-1.3.1-py3-none-any.whl.metadata (6.7 kB)
Collecting jedi>=0.16 (from ipython>=8.14.0->-r /.requirements.txt (line 43))
  Downloading http://pypi-mirror.modal.local:5555/simple/jedi/jedi-0.20.0-py2.py3-none-any.whl.metadata (23 kB)
Collecting matplotlib-inline (from ipython>=8.14.0->-r /.requirements.txt (line 43))
  Downloading http://pypi-mirror.modal.local:5555/simple/matplotlib-inline/matplotlib_inline-0.2.2-py3-none-any.whl.metadata (2.4 kB)
Collecting pexpect>4.3 (from ipython>=8.14.0->-r /.requirements.txt (line 43))
  Downloading http://pypi-mirror.modal.local:5555/simple/pexpect/pexpect-4.9.0-py2.py3-none-any.whl.metadata (2.5 kB)
Collecting prompt_toolkit<3.1.0,>=3.0.41 (from ipython>=8.14.0->-r /.requirements.txt (line 43))
  Downloading http://pypi-mirror.modal.local:5555/simple/prompt-toolkit/prompt_toolkit-3.0.53-py3-none-any.whl.metadata (6.4 kB)
Collecting pygments>=2.4.0 (from ipython>=8.14.0->-r /.requirements.txt (line 43))
  Downloading http://pypi-mirror.modal.local:5555/simple/pygments/pygments-2.20.0-py3-none-any.whl.metadata (2.5 kB)
Collecting stack_data (from ipython>=8.14.0->-r /.requirements.txt (line 43))
  Downloading http://pypi-mirror.modal.local:5555/simple/stack-data/stack_data-0.6.3-py3-none-any.whl.metadata (18 kB)
Collecting traitlets>=5.13.0 (from ipython>=8.14.0->-r /.requirements.txt (line 43))
  Downloading http://pypi-mirror.modal.local:5555/simple/traitlets/traitlets-5.16.1-py3-none-any.whl.metadata (10 kB)
Collecting wcwidth>=0.1.4 (from prompt_toolkit<3.1.0,>=3.0.41->ipython>=8.14.0->-r /.requirements.txt (line 43))
  Downloading http://pypi-mirror.modal.local:5555/simple/wcwidth/wcwidth-0.8.2-py3-none-any.whl.metadata (43 kB)
Collecting notebook (from jupyter>=1.0.0->-r /.requirements.txt (line 44))
  Downloading http://pypi-mirror.modal.local:5555/simple/notebook/notebook-7.6.1-py3-none-any.whl.metadata (10 kB)
Collecting jupyter-console (from jupyter>=1.0.0->-r /.requirements.txt (line 44))
  Downloading http://pypi-mirror.modal.local:5555/simple/jupyter-console/jupyter_console-6.6.3-py3-none-any.whl.metadata (5.8 kB)
Collecting nbconvert (from jupyter>=1.0.0->-r /.requirements.txt (line 44))
  Downloading http://pypi-mirror.modal.local:5555/simple/nbconvert/nbconvert-7.17.1-py3-none-any.whl.metadata (8.4 kB)
Collecting ipykernel (from jupyter>=1.0.0->-r /.requirements.txt (line 44))
  Downloading http://pypi-mirror.modal.local:5555/simple/ipykernel/ipykernel-7.3.0-py3-none-any.whl.metadata (4.5 kB)
Collecting ipywidgets (from jupyter>=1.0.0->-r /.requirements.txt (line 44))
  Downloading http://pypi-mirror.modal.local:5555/simple/ipywidgets/ipywidgets-8.1.8-py3-none-any.whl.metadata (2.4 kB)
Collecting jupyterlab (from jupyter>=1.0.0->-r /.requirements.txt (line 44))
  Downloading http://pypi-mirror.modal.local:5555/simple/jupyterlab/jupyterlab-4.6.2-py3-none-any.whl.metadata (16 kB)
Collecting iniconfig>=1.0.1 (from pytest>=7.4.0->-r /.requirements.txt (line 49))
  Downloading http://pypi-mirror.modal.local:5555/simple/iniconfig/iniconfig-2.3.0-py3-none-any.whl.metadata (2.5 kB)
Collecting pluggy<2,>=1.5 (from pytest>=7.4.0->-r /.requirements.txt (line 49))
  Downloading http://pypi-mirror.modal.local:5555/simple/pluggy/pluggy-1.6.0-py3-none-any.whl.metadata (4.8 kB)
Collecting tomli>=1 (from pytest>=7.4.0->-r /.requirements.txt (line 49))
  Downloading http://pypi-mirror.modal.local:5555/simple/tomli/tomli-2.4.1-py3-none-any.whl.metadata (10 kB)
Collecting mypy-extensions>=0.4.3 (from black>=23.0.0->-r /.requirements.txt (line 50))
  Downloading http://pypi-mirror.modal.local:5555/simple/mypy-extensions/mypy_extensions-1.1.0-py3-none-any.whl.metadata (1.1 kB)
Collecting pathspec>=1.0.0 (from black>=23.0.0->-r /.requirements.txt (line 50))
  Downloading http://pypi-mirror.modal.local:5555/simple/pathspec/pathspec-1.1.1-py3-none-any.whl.metadata (14 kB)
Collecting pytokens~=0.4.0 (from black>=23.0.0->-r /.requirements.txt (line 50))
  Downloading http://pypi-mirror.modal.local:5555/simple/pytokens/pytokens-0.4.1-cp310-cp310-manylinux2014_x86_64.manylinux_2_17_x86_64.manylinux_2_28_x86_64.whl.metadata (3.8 kB)
Collecting mccabe<0.8.0,>=0.7.0 (from flake8>=6.0.0->-r /.requirements.txt (line 51))
  Downloading http://pypi-mirror.modal.local:5555/simple/mccabe/mccabe-0.7.0-py2.py3-none-any.whl.metadata (5.0 kB)
Collecting pycodestyle<2.15.0,>=2.14.0 (from flake8>=6.0.0->-r /.requirements.txt (line 51))
  Downloading http://pypi-mirror.modal.local:5555/simple/pycodestyle/pycodestyle-2.14.0-py2.py3-none-any.whl.metadata (4.5 kB)
Collecting pyflakes<3.5.0,>=3.4.0 (from flake8>=6.0.0->-r /.requirements.txt (line 51))
  Downloading http://pypi-mirror.modal.local:5555/simple/pyflakes/pyflakes-3.4.0-py2.py3-none-any.whl.metadata (3.5 kB)
Collecting librt>=0.13.0 (from mypy>=1.4.0->-r /.requirements.txt (line 52))
  Downloading http://pypi-mirror.modal.local:5555/simple/librt/librt-0.15.0-cp310-cp310-manylinux2014_x86_64.manylinux_2_17_x86_64.manylinux_2_28_x86_64.whl.metadata (1.3 kB)
Collecting ast-serialize<1.0.0,>=0.6.0 (from mypy>=1.4.0->-r /.requirements.txt (line 52))
  Downloading http://pypi-mirror.modal.local:5555/simple/ast-serialize/ast_serialize-0.8.0-cp39-abi3-manylinux_2_17_x86_64.manylinux2014_x86_64.whl.metadata (1.4 kB)
Requirement already satisfied: aiohappyeyeballs>=2.5.0 in /usr/local/lib/python3.10/site-packages (from aiohttp!=4.0.0a0,!=4.0.0a1->fsspec[http]<=2026.6.0,>=2023.1.0->datasets>=2.12.0->-r /.requirements.txt (line 13)) (2.7.1)
Requirement already satisfied: aiosignal>=1.4.0 in /usr/local/lib/python3.10/site-packages (from aiohttp!=4.0.0a0,!=4.0.0a1->fsspec[http]<=2026.6.0,>=2023.1.0->datasets>=2.12.0->-r /.requirements.txt (line 13)) (1.4.0)
Requirement already satisfied: async-timeout<6.0,>=4.0 in /usr/local/lib/python3.10/site-packages (from aiohttp!=4.0.0a0,!=4.0.0a1->fsspec[http]<=2026.6.0,>=2023.1.0->datasets>=2.12.0->-r /.requirements.txt (line 13)) (5.0.1)
Requirement already satisfied: attrs>=17.3.0 in /usr/local/lib/python3.10/site-packages (from aiohttp!=4.0.0a0,!=4.0.0a1->fsspec[http]<=2026.6.0,>=2023.1.0->datasets>=2.12.0->-r /.requirements.txt (line 13)) (26.1.0)
Requirement already satisfied: frozenlist>=1.1.1 in /usr/local/lib/python3.10/site-packages (from aiohttp!=4.0.0a0,!=4.0.0a1->fsspec[http]<=2026.6.0,>=2023.1.0->datasets>=2.12.0->-r /.requirements.txt (line 13)) (1.8.0)
Requirement already satisfied: propcache>=0.2.0 in /usr/local/lib/python3.10/site-packages (from aiohttp!=4.0.0a0,!=4.0.0a1->fsspec[http]<=2026.6.0,>=2023.1.0->datasets>=2.12.0->-r /.requirements.txt (line 13)) (0.5.2)
Requirement already satisfied: yarl<2.0,>=1.17.0 in /usr/local/lib/python3.10/site-packages (from aiohttp!=4.0.0a0,!=4.0.0a1->fsspec[http]<=2026.6.0,>=2023.1.0->datasets>=2.12.0->-r /.requirements.txt (line 13)) (1.24.5)
Collecting Mako (from alembic>=1.5.0->optuna>=3.0.0->-r /.requirements.txt (line 28))
  Downloading http://pypi-mirror.modal.local:5555/simple/mako/mako-1.4.1-py3-none-any.whl.metadata (2.9 kB)
Collecting parso<0.9.0,>=0.8.6 (from jedi>=0.16->ipython>=8.14.0->-r /.requirements.txt (line 43))
  Downloading http://pypi-mirror.modal.local:5555/simple/parso/parso-0.8.7-py2.py3-none-any.whl.metadata (8.2 kB)
Collecting llvmlite<0.49,>=0.48.0dev0 (from numba>=0.51.2->umap-learn>=0.5.0->-r /.requirements.txt (line 24))
  Downloading http://pypi-mirror.modal.local:5555/simple/llvmlite/llvmlite-0.48.0-cp310-cp310-manylinux2014_x86_64.manylinux_2_17_x86_64.whl.metadata (5.0 kB)
Collecting ptyprocess>=0.5 (from pexpect>4.3->ipython>=8.14.0->-r /.requirements.txt (line 43))
  Downloading http://pypi-mirror.modal.local:5555/simple/ptyprocess/ptyprocess-0.7.0-py2.py3-none-any.whl.metadata (1.3 kB)
Collecting six>=1.5 (from python-dateutil>=2.8.2->pandas>=2.0.0->-r /.requirements.txt (line 5))
  Downloading http://pypi-mirror.modal.local:5555/simple/six/six-1.17.0-py2.py3-none-any.whl.metadata (1.7 kB)
Collecting markdown-it-py>=2.2.0 (from rich>=12.0.0->modal>=0.56.0->-r /.requirements.txt (line 22))
  Downloading http://pypi-mirror.modal.local:5555/simple/markdown-it-py/markdown_it_py-4.2.0-py3-none-any.whl.metadata (7.4 kB)
Collecting mdurl~=0.1 (from markdown-it-py>=2.2.0->rich>=12.0.0->modal>=0.56.0->-r /.requirements.txt (line 22))
  Downloading http://pypi-mirror.modal.local:5555/simple/mdurl/mdurl-0.1.2-py3-none-any.whl.metadata (1.6 kB)
Collecting greenlet>=1 (from sqlalchemy>=1.4.2->optuna>=3.0.0->-r /.requirements.txt (line 28))
  Downloading http://pypi-mirror.modal.local:5555/simple/greenlet/greenlet-3.5.4-cp310-cp310-manylinux_2_24_x86_64.manylinux_2_28_x86_64.whl.metadata (3.8 kB)
Collecting mpmath<1.4,>=1.1.0 (from sympy>=1.13.3->torch>=2.0.0->-r /.requirements.txt (line 2))
  Downloading http://pypi-mirror.modal.local:5555/simple/mpmath/mpmath-1.3.0-py3-none-any.whl.metadata (8.6 kB)
Requirement already satisfied: markupsafe>=2.1.1 in /usr/local/lib/python3.10/site-packages (from werkzeug>=1.0.1->tensorboard>=2.13.0->-r /.requirements.txt (line 20)) (3.0.3)
Collecting comm>=0.1.1 (from ipykernel->jupyter>=1.0.0->-r /.requirements.txt (line 44))
  Downloading http://pypi-mirror.modal.local:5555/simple/comm/comm-0.2.3-py3-none-any.whl.metadata (3.7 kB)
Collecting debugpy>=1.6.5 (from ipykernel->jupyter>=1.0.0->-r /.requirements.txt (line 44))
  Downloading http://pypi-mirror.modal.local:5555/simple/debugpy/debugpy-1.8.21-cp310-cp310-manylinux_2_34_x86_64.whl.metadata (1.4 kB)
Collecting jupyter-client>=8.9.0 (from ipykernel->jupyter>=1.0.0->-r /.requirements.txt (line 44))
  Downloading http://pypi-mirror.modal.local:5555/simple/jupyter-client/jupyter_client-8.9.1-py3-none-any.whl.metadata (8.5 kB)
Collecting jupyter-core!=6.0.*,>=5.1 (from ipykernel->jupyter>=1.0.0->-r /.requirements.txt (line 44))
  Downloading http://pypi-mirror.modal.local:5555/simple/jupyter-core/jupyter_core-5.9.1-py3-none-any.whl.metadata (1.5 kB)
Collecting nest-asyncio2>=1.7.0 (from ipykernel->jupyter>=1.0.0->-r /.requirements.txt (line 44))
  Downloading http://pypi-mirror.modal.local:5555/simple/nest-asyncio2/nest_asyncio2-1.7.2-py3-none-any.whl.metadata (6.3 kB)
Collecting pyzmq>=25 (from ipykernel->jupyter>=1.0.0->-r /.requirements.txt (line 44))
  Downloading http://pypi-mirror.modal.local:5555/simple/pyzmq/pyzmq-27.1.0-cp310-cp310-manylinux_2_26_x86_64.manylinux_2_28_x86_64.whl.metadata (6.0 kB)
Collecting tornado>=6.4.1 (from ipykernel->jupyter>=1.0.0->-r /.requirements.txt (line 44))
  Downloading http://pypi-mirror.modal.local:5555/simple/tornado/tornado-6.5.8-cp39-abi3-manylinux1_x86_64.manylinux_2_28_x86_64.manylinux_2_5_x86_64.whl.metadata (2.8 kB)
Collecting widgetsnbextension~=4.0.14 (from ipywidgets->jupyter>=1.0.0->-r /.requirements.txt (line 44))
  Downloading http://pypi-mirror.modal.local:5555/simple/widgetsnbextension/widgetsnbextension-4.0.15-py3-none-any.whl.metadata (1.6 kB)
Collecting jupyterlab_widgets~=3.0.15 (from ipywidgets->jupyter>=1.0.0->-r /.requirements.txt (line 44))
  Downloading http://pypi-mirror.modal.local:5555/simple/jupyterlab-widgets/jupyterlab_widgets-3.0.16-py3-none-any.whl.metadata (20 kB)
Collecting async-lru>=1.0.0 (from jupyterlab->jupyter>=1.0.0->-r /.requirements.txt (line 44))
  Downloading http://pypi-mirror.modal.local:5555/simple/async-lru/async_lru-2.3.0-py3-none-any.whl.metadata (7.6 kB)
Collecting jupyter-builder>=1.0.2 (from jupyterlab->jupyter>=1.0.0->-r /.requirements.txt (line 44))
  Downloading http://pypi-mirror.modal.local:5555/simple/jupyter-builder/jupyter_builder-1.2.2-py3-none-any.whl.metadata (7.7 kB)
Collecting jupyter-lsp>=2.0.0 (from jupyterlab->jupyter>=1.0.0->-r /.requirements.txt (line 44))
  Downloading http://pypi-mirror.modal.local:5555/simple/jupyter-lsp/jupyter_lsp-2.3.1-py3-none-any.whl.metadata (1.8 kB)
Collecting jupyter-server<3,>=2.19.0 (from jupyterlab->jupyter>=1.0.0->-r /.requirements.txt (line 44))
  Downloading http://pypi-mirror.modal.local:5555/simple/jupyter-server/jupyter_server-2.20.0-py3-none-any.whl.metadata (8.5 kB)
Collecting jupyterlab-server<3,>=2.28.0 (from jupyterlab->jupyter>=1.0.0->-r /.requirements.txt (line 44))
  Downloading http://pypi-mirror.modal.local:5555/simple/jupyterlab-server/jupyterlab_server-2.28.0-py3-none-any.whl.metadata (5.9 kB)
Collecting notebook-shim>=0.2 (from jupyterlab->jupyter>=1.0.0->-r /.requirements.txt (line 44))
  Downloading http://pypi-mirror.modal.local:5555/simple/notebook-shim/notebook_shim-0.2.4-py3-none-any.whl.metadata (4.0 kB)
Collecting argon2-cffi>=21.1 (from jupyter-server<3,>=2.19.0->jupyterlab->jupyter>=1.0.0->-r /.requirements.txt (line 44))
  Downloading http://pypi-mirror.modal.local:5555/simple/argon2-cffi/argon2_cffi-25.1.0-py3-none-any.whl.metadata (4.1 kB)
Collecting jupyter-events>=0.11.0 (from jupyter-server<3,>=2.19.0->jupyterlab->jupyter>=1.0.0->-r /.requirements.txt (line 44))
  Downloading http://pypi-mirror.modal.local:5555/simple/jupyter-events/jupyter_events-0.12.1-py3-none-any.whl.metadata (5.8 kB)
Collecting jupyter-server-terminals>=0.4.4 (from jupyter-server<3,>=2.19.0->jupyterlab->jupyter>=1.0.0->-r /.requirements.txt (line 44))
  Downloading http://pypi-mirror.modal.local:5555/simple/jupyter-server-terminals/jupyter_server_terminals-0.5.4-py3-none-any.whl.metadata (5.9 kB)
Collecting nbformat>=5.3.0 (from jupyter-server<3,>=2.19.0->jupyterlab->jupyter>=1.0.0->-r /.requirements.txt (line 44))
  Downloading http://pypi-mirror.modal.local:5555/simple/nbformat/nbformat-5.11.0-py3-none-any.whl.metadata (3.7 kB)
Collecting overrides>=5.0 (from jupyter-server<3,>=2.19.0->jupyterlab->jupyter>=1.0.0->-r /.requirements.txt (line 44))
  Downloading http://pypi-mirror.modal.local:5555/simple/overrides/overrides-7.7.0-py3-none-any.whl.metadata (5.8 kB)
Collecting prometheus-client>=0.9 (from jupyter-server<3,>=2.19.0->jupyterlab->jupyter>=1.0.0->-r /.requirements.txt (line 44))
  Downloading http://pypi-mirror.modal.local:5555/simple/prometheus-client/prometheus_client-0.26.0-py3-none-any.whl.metadata (2.1 kB)
Collecting send2trash>=1.8.2 (from jupyter-server<3,>=2.19.0->jupyterlab->jupyter>=1.0.0->-r /.requirements.txt (line 44))
  Downloading http://pypi-mirror.modal.local:5555/simple/send2trash/send2trash-2.1.0-py3-none-any.whl.metadata (4.1 kB)
Collecting terminado>=0.8.3 (from jupyter-server<3,>=2.19.0->jupyterlab->jupyter>=1.0.0->-r /.requirements.txt (line 44))
  Downloading http://pypi-mirror.modal.local:5555/simple/terminado/terminado-0.18.1-py3-none-any.whl.metadata (5.8 kB)
Collecting websocket-client>=1.7 (from jupyter-server<3,>=2.19.0->jupyterlab->jupyter>=1.0.0->-r /.requirements.txt (line 44))
  Downloading http://pypi-mirror.modal.local:5555/simple/websocket-client/websocket_client-1.9.0-py3-none-any.whl.metadata (8.3 kB)
Collecting babel>=2.10 (from jupyterlab-server<3,>=2.28.0->jupyterlab->jupyter>=1.0.0->-r /.requirements.txt (line 44))
  Downloading http://pypi-mirror.modal.local:5555/simple/babel/babel-2.18.0-py3-none-any.whl.metadata (2.2 kB)
Collecting json5>=0.9.0 (from jupyterlab-server<3,>=2.28.0->jupyterlab->jupyter>=1.0.0->-r /.requirements.txt (line 44))
  Downloading http://pypi-mirror.modal.local:5555/simple/json5/json5-0.15.0-py3-none-any.whl.metadata (37 kB)
Collecting jsonschema>=4.18.0 (from jupyterlab-server<3,>=2.28.0->jupyterlab->jupyter>=1.0.0->-r /.requirements.txt (line 44))
  Downloading http://pypi-mirror.modal.local:5555/simple/jsonschema/jsonschema-4.26.0-py3-none-any.whl.metadata (7.6 kB)
Collecting argon2-cffi-bindings (from argon2-cffi>=21.1->jupyter-server<3,>=2.19.0->jupyterlab->jupyter>=1.0.0->-r /.requirements.txt (line 44))
  Downloading http://pypi-mirror.modal.local:5555/simple/argon2-cffi-bindings/argon2_cffi_bindings-25.1.0-cp39-abi3-manylinux_2_26_x86_64.manylinux_2_28_x86_64.whl.metadata (7.4 kB)
Collecting jsonschema-specifications>=2023.03.6 (from jsonschema>=4.18.0->jupyterlab-server<3,>=2.28.0->jupyterlab->jupyter>=1.0.0->-r /.requirements.txt (line 44))
  Downloading http://pypi-mirror.modal.local:5555/simple/jsonschema-specifications/jsonschema_specifications-2025.9.1-py3-none-any.whl.metadata (2.9 kB)
Collecting referencing>=0.28.4 (from jsonschema>=4.18.0->jupyterlab-server<3,>=2.28.0->jupyterlab->jupyter>=1.0.0->-r /.requirements.txt (line 44))
  Downloading http://pypi-mirror.modal.local:5555/simple/referencing/referencing-0.37.0-py3-none-any.whl.metadata (2.8 kB)
Collecting rpds-py>=0.25.0 (from jsonschema>=4.18.0->jupyterlab-server<3,>=2.28.0->jupyterlab->jupyter>=1.0.0->-r /.requirements.txt (line 44))
  Downloading http://pypi-mirror.modal.local:5555/simple/rpds-py/rpds_py-0.30.0-cp310-cp310-manylinux_2_17_x86_64.manylinux2014_x86_64.whl.metadata (4.1 kB)
Collecting python-json-logger>=2.0.4 (from jupyter-events>=0.11.0->jupyter-server<3,>=2.19.0->jupyterlab->jupyter>=1.0.0->-r /.requirements.txt (line 44))
  Downloading http://pypi-mirror.modal.local:5555/simple/python-json-logger/python_json_logger-4.1.0-py3-none-any.whl.metadata (3.7 kB)
Collecting rfc3339-validator (from jupyter-events>=0.11.0->jupyter-server<3,>=2.19.0->jupyterlab->jupyter>=1.0.0->-r /.requirements.txt (line 44))
  Downloading http://pypi-mirror.modal.local:5555/simple/rfc3339-validator/rfc3339_validator-0.1.4-py2.py3-none-any.whl.metadata (1.5 kB)
Collecting rfc3986-validator>=0.1.1 (from jupyter-events>=0.11.0->jupyter-server<3,>=2.19.0->jupyterlab->jupyter>=1.0.0->-r /.requirements.txt (line 44))
  Downloading http://pypi-mirror.modal.local:5555/simple/rfc3986-validator/rfc3986_validator-0.1.1-py2.py3-none-any.whl.metadata (1.7 kB)
Collecting fqdn (from jsonschema[format-nongpl]>=4.18.0->jupyter-events>=0.11.0->jupyter-server<3,>=2.19.0->jupyterlab->jupyter>=1.0.0->-r /.requirements.txt (line 44))
  Downloading http://pypi-mirror.modal.local:5555/simple/fqdn/fqdn-1.5.1-py3-none-any.whl.metadata (1.4 kB)
Collecting isoduration (from jsonschema[format-nongpl]>=4.18.0->jupyter-events>=0.11.0->jupyter-server<3,>=2.19.0->jupyterlab->jupyter>=1.0.0->-r /.requirements.txt (line 44))
  Downloading http://pypi-mirror.modal.local:5555/simple/isoduration/isoduration-20.11.0-py3-none-any.whl.metadata (5.7 kB)
Collecting jsonpointer>1.13 (from jsonschema[format-nongpl]>=4.18.0->jupyter-events>=0.11.0->jupyter-server<3,>=2.19.0->jupyterlab->jupyter>=1.0.0->-r /.requirements.txt (line 44))
  Downloading http://pypi-mirror.modal.local:5555/simple/jsonpointer/jsonpointer-3.1.1-py3-none-any.whl.metadata (2.4 kB)
Collecting rfc3987-syntax>=1.1.0 (from jsonschema[format-nongpl]>=4.18.0->jupyter-events>=0.11.0->jupyter-server<3,>=2.19.0->jupyterlab->jupyter>=1.0.0->-r /.requirements.txt (line 44))
  Downloading http://pypi-mirror.modal.local:5555/simple/rfc3987-syntax/rfc3987_syntax-1.1.0-py3-none-any.whl.metadata (7.7 kB)
Collecting uri-template (from jsonschema[format-nongpl]>=4.18.0->jupyter-events>=0.11.0->jupyter-server<3,>=2.19.0->jupyterlab->jupyter>=1.0.0->-r /.requirements.txt (line 44))
  Downloading http://pypi-mirror.modal.local:5555/simple/uri-template/uri_template-1.3.0-py3-none-any.whl.metadata (8.8 kB)
Collecting webcolors>=24.6.0 (from jsonschema[format-nongpl]>=4.18.0->jupyter-events>=0.11.0->jupyter-server<3,>=2.19.0->jupyterlab->jupyter>=1.0.0->-r /.requirements.txt (line 44))
  Downloading http://pypi-mirror.modal.local:5555/simple/webcolors/webcolors-25.10.0-py3-none-any.whl.metadata (2.2 kB)
Collecting beautifulsoup4 (from nbconvert->jupyter>=1.0.0->-r /.requirements.txt (line 44))
  Downloading http://pypi-mirror.modal.local:5555/simple/beautifulsoup4/beautifulsoup4-4.15.0-py3-none-any.whl.metadata (3.8 kB)
Collecting bleach!=5.0.0 (from bleach[css]!=5.0.0->nbconvert->jupyter>=1.0.0->-r /.requirements.txt (line 44))
  Downloading http://pypi-mirror.modal.local:5555/simple/bleach/bleach-6.4.0-py3-none-any.whl.metadata (32 kB)
Collecting defusedxml (from nbconvert->jupyter>=1.0.0->-r /.requirements.txt (line 44))
  Downloading http://pypi-mirror.modal.local:5555/simple/defusedxml/defusedxml-0.7.1-py2.py3-none-any.whl.metadata (32 kB)
Collecting jupyterlab-pygments (from nbconvert->jupyter>=1.0.0->-r /.requirements.txt (line 44))
  Downloading http://pypi-mirror.modal.local:5555/simple/jupyterlab-pygments/jupyterlab_pygments-0.3.0-py3-none-any.whl.metadata (4.4 kB)
Collecting mistune<4,>=2.0.3 (from nbconvert->jupyter>=1.0.0->-r /.requirements.txt (line 44))
  Downloading http://pypi-mirror.modal.local:5555/simple/mistune/mistune-3.3.4-py3-none-any.whl.metadata (1.9 kB)
Collecting nbclient>=0.5.0 (from nbconvert->jupyter>=1.0.0->-r /.requirements.txt (line 44))
  Downloading http://pypi-mirror.modal.local:5555/simple/nbclient/nbclient-0.11.0-py3-none-any.whl.metadata (7.3 kB)
Collecting pandocfilters>=1.4.1 (from nbconvert->jupyter>=1.0.0->-r /.requirements.txt (line 44))
  Downloading http://pypi-mirror.modal.local:5555/simple/pandocfilters/pandocfilters-1.5.1-py2.py3-none-any.whl.metadata (9.0 kB)
Collecting webencodings (from bleach!=5.0.0->bleach[css]!=5.0.0->nbconvert->jupyter>=1.0.0->-r /.requirements.txt (line 44))
  Downloading http://pypi-mirror.modal.local:5555/simple/webencodings/webencodings-0.5.1-py2.py3-none-any.whl.metadata (2.1 kB)
Collecting tinycss2>=1.1.0 (from bleach[css]!=5.0.0->nbconvert->jupyter>=1.0.0->-r /.requirements.txt (line 44))
  Downloading http://pypi-mirror.modal.local:5555/simple/tinycss2/tinycss2-1.5.1-py3-none-any.whl.metadata (3.0 kB)
Collecting fastjsonschema>=2.15 (from nbformat>=5.3.0->jupyter-server<3,>=2.19.0->jupyterlab->jupyter>=1.0.0->-r /.requirements.txt (line 44))
  Downloading http://pypi-mirror.modal.local:5555/simple/fastjsonschema/fastjsonschema-2.22.1-py3-none-any.whl.metadata (2.1 kB)
Collecting lark>=1.2.2 (from rfc3987-syntax>=1.1.0->jsonschema[format-nongpl]>=4.18.0->jupyter-events>=0.11.0->jupyter-server<3,>=2.19.0->jupyterlab->jupyter>=1.0.0->-r /.requirements.txt (line 44))
  Downloading http://pypi-mirror.modal.local:5555/simple/lark/lark-1.3.1-py3-none-any.whl.metadata (1.8 kB)
Collecting cffi>=1.0.1 (from argon2-cffi-bindings->argon2-cffi>=21.1->jupyter-server<3,>=2.19.0->jupyterlab->jupyter>=1.0.0->-r /.requirements.txt (line 44))
  Downloading http://pypi-mirror.modal.local:5555/simple/cffi/cffi-2.1.1-cp310-cp310-manylinux2014_x86_64.manylinux_2_17_x86_64.whl.metadata (2.5 kB)
Collecting pycparser (from cffi>=1.0.1->argon2-cffi-bindings->argon2-cffi>=21.1->jupyter-server<3,>=2.19.0->jupyterlab->jupyter>=1.0.0->-r /.requirements.txt (line 44))
  Downloading http://pypi-mirror.modal.local:5555/simple/pycparser/pycparser-3.0-py3-none-any.whl.metadata (8.2 kB)
Collecting soupsieve>=1.6.1 (from beautifulsoup4->nbconvert->jupyter>=1.0.0->-r /.requirements.txt (line 44))
  Downloading http://pypi-mirror.modal.local:5555/simple/soupsieve/soupsieve-2.9.2-py3-none-any.whl.metadata (4.6 kB)
Collecting arrow>=0.15.0 (from isoduration->jsonschema[format-nongpl]>=4.18.0->jupyter-events>=0.11.0->jupyter-server<3,>=2.19.0->jupyterlab->jupyter>=1.0.0->-r /.requirements.txt (line 44))
  Downloading http://pypi-mirror.modal.local:5555/simple/arrow/arrow-1.4.0-py3-none-any.whl.metadata (7.7 kB)
Collecting executing>=1.2.0 (from stack_data->ipython>=8.14.0->-r /.requirements.txt (line 43))
  Downloading http://pypi-mirror.modal.local:5555/simple/executing/executing-2.2.1-py2.py3-none-any.whl.metadata (8.9 kB)
Collecting asttokens>=2.1.0 (from stack_data->ipython>=8.14.0->-r /.requirements.txt (line 43))
  Downloading http://pypi-mirror.modal.local:5555/simple/asttokens/asttokens-3.0.2-py3-none-any.whl.metadata (5.7 kB)
Collecting pure-eval (from stack_data->ipython>=8.14.0->-r /.requirements.txt (line 43))
  Downloading http://pypi-mirror.modal.local:5555/simple/pure-eval/pure_eval-0.2.3-py3-none-any.whl.metadata (6.3 kB)
Downloading http://pypi-mirror.modal.local:5555/simple/transformers/transformers-4.38.0-py3-none-any.whl (8.5 MB)
   ━━━━━━━━━━━━━━━━━━━━━━━━━━━━━━━━━━━━━━━━ 8.5/8.5 MB 68.9 MB/s eta 0:00:00
Downloading http://pypi-mirror.modal.local:5555/simple/huggingface-hub/huggingface_hub-0.36.2-py3-none-any.whl (566 kB)
   ━━━━━━━━━━━━━━━━━━━━━━━━━━━━━━━━━━━━━━━ 566.4/566.4 kB 633.2 MB/s eta 0:00:00
Downloading http://pypi-mirror.modal.local:5555/simple/hf-xet/hf_xet-1.6.0-cp38-abi3-manylinux2014_x86_64.manylinux_2_17_x86_64.whl (4.5 MB)
   ━━━━━━━━━━━━━━━━━━━━━━━━━━━━━━━━━━━━━━━━ 4.5/4.5 MB 503.7 MB/s eta 0:00:00
Downloading http://pypi-mirror.modal.local:5555/simple/tokenizers/tokenizers-0.15.2-cp310-cp310-manylinux_2_17_x86_64.manylinux2014_x86_64.whl (3.6 MB)
   ━━━━━━━━━━━━━━━━━━━━━━━━━━━━━━━━━━━━━━━━ 3.6/3.6 MB 87.1 MB/s eta 0:00:00
Downloading http://pypi-mirror.modal.local:5555/simple/torch/torch-2.13.0-cp310-cp310-manylinux_2_28_x86_64.whl (526.6 MB)
   ━━━━━━━━━━━━━━━━━━━━━━━━━━━━━━━━━━━━━━━━ 526.6/526.6 MB 76.5 MB/s eta 0:00:00
Downloading http://pypi-mirror.modal.local:5555/simple/cuda-toolkit/cuda_toolkit-13.0.3.0-py2.py3-none-any.whl (2.5 kB)
Downloading http://pypi-mirror.modal.local:5555/simple/nvidia-cudnn-cu13/nvidia_cudnn_cu13-9.20.0.48-py3-none-manylinux_2_27_x86_64.whl (366.2 MB)
   ━━━━━━━━━━━━━━━━━━━━━━━━━━━━━━━━━━━━━━━ 366.2/366.2 MB 503.6 MB/s eta 0:00:00
Downloading http://pypi-mirror.modal.local:5555/simple/nvidia-cusparselt-cu13/nvidia_cusparselt_cu13-0.8.1-py3-none-manylinux2014_x86_64.whl (170.1 MB)
   ━━━━━━━━━━━━━━━━━━━━━━━━━━━━━━━━━━━━━━━ 170.1/170.1 MB 510.4 MB/s eta 0:00:00
Downloading http://pypi-mirror.modal.local:5555/simple/nvidia-nccl-cu13/nvidia_nccl_cu13-2.29.7-py3-none-manylinux_2_18_x86_64.whl (206.0 MB)
   ━━━━━━━━━━━━━━━━━━━━━━━━━━━━━━━━━━━━━━━ 206.0/206.0 MB 506.6 MB/s eta 0:00:00
Downloading http://pypi-mirror.modal.local:5555/simple/nvidia-nvshmem-cu13/nvidia_nvshmem_cu13-3.4.5-py3-none-manylinux2014_x86_64.manylinux_2_17_x86_64.whl (60.4 MB)
   ━━━━━━━━━━━━━━━━━━━━━━━━━━━━━━━━━━━━━━━━ 60.4/60.4 MB 505.1 MB/s eta 0:00:00
Downloading http://pypi-mirror.modal.local:5555/simple/triton/triton-3.7.1-cp310-cp310-manylinux_2_27_x86_64.manylinux_2_28_x86_64.whl (197.6 MB)
   ━━━━━━━━━━━━━━━━━━━━━━━━━━━━━━━━━━━━━━━━ 197.6/197.6 MB 76.8 MB/s eta 0:00:00
Downloading http://pypi-mirror.modal.local:5555/simple/cuda-bindings/cuda_bindings-13.3.1-cp310-cp310-manylinux_2_24_x86_64.manylinux_2_28_x86_64.whl (6.7 MB)
   ━━━━━━━━━━━━━━━━━━━━━━━━━━━━━━━━━━━━━━━━ 6.7/6.7 MB 85.7 MB/s eta 0:00:00
Downloading http://pypi-mirror.modal.local:5555/simple/nvidia-cublas/nvidia_cublas-13.1.1.3-py3-none-manylinux_2_27_x86_64.whl (423.1 MB)
   ━━━━━━━━━━━━━━━━━━━━━━━━━━━━━━━━━━━━━━━ 423.1/423.1 MB 508.4 MB/s eta 0:00:00
Downloading http://pypi-mirror.modal.local:5555/simple/nvidia-cuda-cupti/nvidia_cuda_cupti-13.0.85-py3-none-manylinux_2_25_x86_64.whl (10.7 MB)
   ━━━━━━━━━━━━━━━━━━━━━━━━━━━━━━━━━━━━━━━━ 10.7/10.7 MB 506.8 MB/s eta 0:00:00
Downloading http://pypi-mirror.modal.local:5555/simple/nvidia-cuda-nvrtc/nvidia_cuda_nvrtc-13.0.88-py3-none-manylinux2010_x86_64.manylinux_2_12_x86_64.whl (90.2 MB)
   ━━━━━━━━━━━━━━━━━━━━━━━━━━━━━━━━━━━━━━━━ 90.2/90.2 MB 477.0 MB/s eta 0:00:00
Downloading http://pypi-mirror.modal.local:5555/simple/nvidia-cuda-runtime/nvidia_cuda_runtime-13.0.96-py3-none-manylinux2014_x86_64.manylinux_2_17_x86_64.whl (2.2 MB)
   ━━━━━━━━━━━━━━━━━━━━━━━━━━━━━━━━━━━━━━━━ 2.2/2.2 MB 607.2 MB/s eta 0:00:00
Downloading http://pypi-mirror.modal.local:5555/simple/nvidia-cufft/nvidia_cufft-12.0.0.61-py3-none-manylinux2014_x86_64.manylinux_2_17_x86_64.whl (214.1 MB)
   ━━━━━━━━━━━━━━━━━━━━━━━━━━━━━━━━━━━━━━━ 214.1/214.1 MB 483.0 MB/s eta 0:00:00
Downloading http://pypi-mirror.modal.local:5555/simple/nvidia-cufile/nvidia_cufile-1.15.1.6-py3-none-manylinux2014_x86_64.manylinux_2_17_x86_64.whl (1.2 MB)
   ━━━━━━━━━━━━━━━━━━━━━━━━━━━━━━━━━━━━━━━━ 1.2/1.2 MB 704.9 MB/s eta 0:00:00
Downloading http://pypi-mirror.modal.local:5555/simple/nvidia-curand/nvidia_curand-10.4.0.35-py3-none-manylinux_2_27_x86_64.whl (59.5 MB)
   ━━━━━━━━━━━━━━━━━━━━━━━━━━━━━━━━━━━━━━━━ 59.5/59.5 MB 480.8 MB/s eta 0:00:00
Downloading http://pypi-mirror.modal.local:5555/simple/nvidia-cusolver/nvidia_cusolver-12.0.4.66-py3-none-manylinux_2_27_x86_64.whl (200.9 MB)
   ━━━━━━━━━━━━━━━━━━━━━━━━━━━━━━━━━━━━━━━ 200.9/200.9 MB 514.4 MB/s eta 0:00:00
Downloading http://pypi-mirror.modal.local:5555/simple/nvidia-cusparse/nvidia_cusparse-12.6.3.3-py3-none-manylinux2014_x86_64.manylinux_2_17_x86_64.whl (145.9 MB)
   ━━━━━━━━━━━━━━━━━━━━━━━━━━━━━━━━━━━━━━━ 145.9/145.9 MB 506.1 MB/s eta 0:00:00
Downloading http://pypi-mirror.modal.local:5555/simple/nvidia-nvjitlink/nvidia_nvjitlink-13.3.33-py3-none-manylinux2010_x86_64.manylinux_2_12_x86_64.whl (40.7 MB)
   ━━━━━━━━━━━━━━━━━━━━━━━━━━━━━━━━━━━━━━━━ 40.7/40.7 MB 518.6 MB/s eta 0:00:00
Downloading http://pypi-mirror.modal.local:5555/simple/nvidia-nvtx/nvidia_nvtx-13.0.85-py3-none-manylinux1_x86_64.manylinux_2_5_x86_64.whl (148 kB)
Downloading http://pypi-mirror.modal.local:5555/simple/torchvision/torchvision-0.28.0-cp310-cp310-manylinux_2_28_x86_64.whl (7.7 MB)
   ━━━━━━━━━━━━━━━━━━━━━━━━━━━━━━━━━━━━━━━━ 7.7/7.7 MB 92.2 MB/s eta 0:00:00
Downloading http://pypi-mirror.modal.local:5555/simple/pandas/pandas-2.3.3-cp310-cp310-manylinux_2_24_x86_64.manylinux_2_28_x86_64.whl (12.8 MB)
   ━━━━━━━━━━━━━━━━━━━━━━━━━━━━━━━━━━━━━━━━ 12.8/12.8 MB 518.8 MB/s eta 0:00:00
Downloading http://pypi-mirror.modal.local:5555/simple/scipy/scipy-1.15.3-cp310-cp310-manylinux_2_17_x86_64.manylinux2014_x86_64.whl (37.7 MB)
   ━━━━━━━━━━━━━━━━━━━━━━━━━━━━━━━━━━━━━━━━ 37.7/37.7 MB 515.3 MB/s eta 0:00:00
Downloading http://pypi-mirror.modal.local:5555/simple/scikit-learn/scikit_learn-1.7.2-cp310-cp310-manylinux2014_x86_64.manylinux_2_17_x86_64.whl (9.7 MB)
   ━━━━━━━━━━━━━━━━━━━━━━━━━━━━━━━━━━━━━━━━ 9.7/9.7 MB 524.2 MB/s eta 0:00:00
Downloading http://pypi-mirror.modal.local:5555/simple/matplotlib/matplotlib-3.10.9-cp310-cp310-manylinux2014_x86_64.manylinux_2_17_x86_64.whl (8.8 MB)
   ━━━━━━━━━━━━━━━━━━━━━━━━━━━━━━━━━━━━━━━━ 8.8/8.8 MB 510.0 MB/s eta 0:00:00
Downloading http://pypi-mirror.modal.local:5555/simple/seaborn/seaborn-0.13.2-py3-none-any.whl (294 kB)
Downloading http://pypi-mirror.modal.local:5555/simple/peft/peft-0.20.0-py3-none-any.whl (775 kB)
   ━━━━━━━━━━━━━━━━━━━━━━━━━━━━━━━━━━━━━━━ 775.8/775.8 kB 857.9 MB/s eta 0:00:00
Downloading http://pypi-mirror.modal.local:5555/simple/accelerate/accelerate-1.14.0-py3-none-any.whl (389 kB)
Downloading http://pypi-mirror.modal.local:5555/simple/datasets/datasets-5.0.1-py3-none-any.whl (559 kB)
   ━━━━━━━━━━━━━━━━━━━━━━━━━━━━━━━━━━━━━━━ 559.1/559.1 kB 540.7 MB/s eta 0:00:00
Downloading http://pypi-mirror.modal.local:5555/simple/dill/dill-0.4.1-py3-none-any.whl (120 kB)
Downloading http://pypi-mirror.modal.local:5555/simple/fsspec/fsspec-2026.6.0-py3-none-any.whl (203 kB)
Downloading http://pypi-mirror.modal.local:5555/simple/httpx/httpx-0.28.1-py3-none-any.whl (73 kB)
Downloading http://pypi-mirror.modal.local:5555/simple/httpcore/httpcore-1.0.9-py3-none-any.whl (78 kB)
Downloading http://pypi-mirror.modal.local:5555/simple/multiprocess/multiprocess-0.70.19-py310-none-any.whl (134 kB)
Downloading http://pypi-mirror.modal.local:5555/simple/omegaconf/omegaconf-2.3.1-py3-none-any.whl (79 kB)
Downloading http://pypi-mirror.modal.local:5555/simple/pyyaml/pyyaml-6.0.3-cp310-cp310-manylinux2014_x86_64.manylinux_2_17_x86_64.manylinux_2_28_x86_64.whl (770 kB)
   ━━━━━━━━━━━━━━━━━━━━━━━━━━━━━━━━━━━━━━━ 770.3/770.3 kB 522.3 MB/s eta 0:00:00
Downloading http://pypi-mirror.modal.local:5555/simple/tensorboard/tensorboard-2.21.0-py3-none-any.whl (5.5 MB)
   ━━━━━━━━━━━━━━━━━━━━━━━━━━━━━━━━━━━━━━━━ 5.5/5.5 MB 89.4 MB/s eta 0:00:00
Downloading http://pypi-mirror.modal.local:5555/simple/grpcio/grpcio-1.83.0-cp310-cp310-manylinux2014_x86_64.manylinux_2_17_x86_64.whl (7.1 MB)
   ━━━━━━━━━━━━━━━━━━━━━━━━━━━━━━━━━━━━━━━━ 7.1/7.1 MB 519.8 MB/s eta 0:00:00
Downloading http://pypi-mirror.modal.local:5555/simple/tensorboard-data-server/tensorboard_data_server-0.7.2-py3-none-manylinux_2_31_x86_64.whl (6.6 MB)
   ━━━━━━━━━━━━━━━━━━━━━━━━━━━━━━━━━━━━━━━━ 6.6/6.6 MB 506.6 MB/s eta 0:00:00
Downloading http://pypi-mirror.modal.local:5555/simple/wandb/wandb-0.28.1-py3-none-manylinux_2_28_x86_64.whl (26.5 MB)
   ━━━━━━━━━━━━━━━━━━━━━━━━━━━━━━━━━━━━━━━━ 26.5/26.5 MB 78.4 MB/s eta 0:00:00
Downloading http://pypi-mirror.modal.local:5555/simple/pydantic/pydantic-2.13.4-py3-none-any.whl (472 kB)
Downloading http://pypi-mirror.modal.local:5555/simple/pydantic-core/pydantic_core-2.46.4-cp310-cp310-manylinux_2_17_x86_64.manylinux2014_x86_64.whl (2.1 MB)
   ━━━━━━━━━━━━━━━━━━━━━━━━━━━━━━━━━━━━━━━━ 2.1/2.1 MB 579.0 MB/s eta 0:00:00
Downloading http://pypi-mirror.modal.local:5555/simple/modal/modal-1.5.3-py3-none-any.whl (961 kB)
   ━━━━━━━━━━━━━━━━━━━━━━━━━━━━━━━━━━━━━━━ 961.1/961.1 kB 327.6 MB/s eta 0:00:00
Downloading http://pypi-mirror.modal.local:5555/simple/click/click-8.4.2-py3-none-any.whl (119 kB)
Downloading http://pypi-mirror.modal.local:5555/simple/grpclib/grpclib-0.4.9-py3-none-any.whl (77 kB)
Downloading http://pypi-mirror.modal.local:5555/simple/h2/h2-4.4.1-py3-none-any.whl (62 kB)
Downloading http://pypi-mirror.modal.local:5555/simple/hpack/hpack-4.2.0-py3-none-any.whl (34 kB)
Downloading http://pypi-mirror.modal.local:5555/simple/hyperframe/hyperframe-6.1.0-py3-none-any.whl (13 kB)
Downloading http://pypi-mirror.modal.local:5555/simple/protobuf/protobuf-6.33.6-cp39-abi3-manylinux2014_x86_64.whl (323 kB)
Downloading http://pypi-mirror.modal.local:5555/simple/synchronicity/synchronicity-0.12.5-py3-none-any.whl (41 kB)
Downloading http://pypi-mirror.modal.local:5555/simple/pillow/pillow-12.3.0-cp310-cp310-manylinux_2_27_x86_64.manylinux_2_28_x86_64.whl (6.9 MB)
   ━━━━━━━━━━━━━━━━━━━━━━━━━━━━━━━━━━━━━━━━ 6.9/6.9 MB 86.7 MB/s eta 0:00:00
Downloading http://pypi-mirror.modal.local:5555/simple/umap-learn/umap_learn-0.5.12-py3-none-any.whl (91 kB)
Downloading http://pypi-mirror.modal.local:5555/simple/hdbscan/hdbscan-0.8.44-cp310-cp310-manylinux2014_x86_64.manylinux_2_17_x86_64.manylinux_2_28_x86_64.whl (5.7 MB)
   ━━━━━━━━━━━━━━━━━━━━━━━━━━━━━━━━━━━━━━━━ 5.7/5.7 MB 89.6 MB/s eta 0:00:00
Downloading http://pypi-mirror.modal.local:5555/simple/optuna/optuna-4.9.0-py3-none-any.whl (425 kB)
Downloading http://pypi-mirror.modal.local:5555/simple/ipython/ipython-8.39.0-py3-none-any.whl (831 kB)
   ━━━━━━━━━━━━━━━━━━━━━━━━━━━━━━━━━━━━━━━ 831.8/831.8 kB 437.6 MB/s eta 0:00:00
Downloading http://pypi-mirror.modal.local:5555/simple/prompt-toolkit/prompt_toolkit-3.0.53-py3-none-any.whl (392 kB)
Downloading http://pypi-mirror.modal.local:5555/simple/jupyter/jupyter-1.1.1-py2.py3-none-any.whl (2.7 kB)
Downloading http://pypi-mirror.modal.local:5555/simple/tmdbsimple/tmdbsimple-2.9.8-py3-none-any.whl (40 kB)
Downloading http://pypi-mirror.modal.local:5555/simple/pytest/pytest-9.1.1-py3-none-any.whl (386 kB)
Downloading http://pypi-mirror.modal.local:5555/simple/pluggy/pluggy-1.6.0-py3-none-any.whl (20 kB)
Downloading http://pypi-mirror.modal.local:5555/simple/black/black-26.5.1-cp310-cp310-manylinux2014_x86_64.manylinux_2_17_x86_64.manylinux_2_28_x86_64.whl (1.9 MB)
   ━━━━━━━━━━━━━━━━━━━━━━━━━━━━━━━━━━━━━━━━ 1.9/1.9 MB 322.7 MB/s eta 0:00:00
Downloading http://pypi-mirror.modal.local:5555/simple/pytokens/pytokens-0.4.1-cp310-cp310-manylinux2014_x86_64.manylinux_2_17_x86_64.manylinux_2_28_x86_64.whl (259 kB)
Downloading http://pypi-mirror.modal.local:5555/simple/flake8/flake8-7.3.0-py2.py3-none-any.whl (57 kB)
Downloading http://pypi-mirror.modal.local:5555/simple/mccabe/mccabe-0.7.0-py2.py3-none-any.whl (7.3 kB)
Downloading http://pypi-mirror.modal.local:5555/simple/pycodestyle/pycodestyle-2.14.0-py2.py3-none-any.whl (31 kB)
Downloading http://pypi-mirror.modal.local:5555/simple/pyflakes/pyflakes-3.4.0-py2.py3-none-any.whl (63 kB)
Downloading http://pypi-mirror.modal.local:5555/simple/mypy/mypy-2.3.0-cp310-cp310-manylinux2014_x86_64.manylinux_2_17_x86_64.manylinux_2_28_x86_64.whl (15.2 MB)
   ━━━━━━━━━━━━━━━━━━━━━━━━━━━━━━━━━━━━━━━━ 15.2/15.2 MB 79.7 MB/s eta 0:00:00
Downloading http://pypi-mirror.modal.local:5555/simple/ast-serialize/ast_serialize-0.8.0-cp39-abi3-manylinux_2_17_x86_64.manylinux2014_x86_64.whl (1.3 MB)
   ━━━━━━━━━━━━━━━━━━━━━━━━━━━━━━━━━━━━━━━━ 1.3/1.3 MB 606.9 MB/s eta 0:00:00
Downloading http://pypi-mirror.modal.local:5555/simple/absl-py/absl_py-2.5.0-py3-none-any.whl (137 kB)
Downloading http://pypi-mirror.modal.local:5555/simple/alembic/alembic-1.19.0-py3-none-any.whl (265 kB)
Downloading http://pypi-mirror.modal.local:5555/simple/annotated-types/annotated_types-0.8.0-py3-none-any.whl (13 kB)
Downloading http://pypi-mirror.modal.local:5555/simple/contourpy/contourpy-1.3.2-cp310-cp310-manylinux_2_17_x86_64.manylinux2014_x86_64.whl (325 kB)
Downloading http://pypi-mirror.modal.local:5555/simple/cuda-pathfinder/cuda_pathfinder-1.6.0-py3-none-any.whl (54 kB)
Downloading http://pypi-mirror.modal.local:5555/simple/cycler/cycler-0.12.1-py3-none-any.whl (8.3 kB)
Downloading http://pypi-mirror.modal.local:5555/simple/exceptiongroup/exceptiongroup-1.3.1-py3-none-any.whl (16 kB)
Downloading http://pypi-mirror.modal.local:5555/simple/fonttools/fonttools-4.63.0-cp310-cp310-manylinux2014_x86_64.manylinux_2_17_x86_64.whl (4.9 MB)
   ━━━━━━━━━━━━━━━━━━━━━━━━━━━━━━━━━━━━━━━━ 4.9/4.9 MB 518.4 MB/s eta 0:00:00
Downloading http://pypi-mirror.modal.local:5555/simple/h11/h11-0.16.0-py3-none-any.whl (37 kB)
Downloading http://pypi-mirror.modal.local:5555/simple/iniconfig/iniconfig-2.3.0-py3-none-any.whl (7.5 kB)
Downloading http://pypi-mirror.modal.local:5555/simple/jedi/jedi-0.20.0-py2.py3-none-any.whl (4.9 MB)
   ━━━━━━━━━━━━━━━━━━━━━━━━━━━━━━━━━━━━━━━━ 4.9/4.9 MB 500.1 MB/s eta 0:00:00
Downloading http://pypi-mirror.modal.local:5555/simple/parso/parso-0.8.7-py2.py3-none-any.whl (107 kB)
Downloading http://pypi-mirror.modal.local:5555/simple/joblib/joblib-1.5.3-py3-none-any.whl (309 kB)
Downloading http://pypi-mirror.modal.local:5555/simple/kiwisolver/kiwisolver-1.5.0-cp310-cp310-manylinux_2_12_x86_64.manylinux2010_x86_64.whl (1.6 MB)
   ━━━━━━━━━━━━━━━━━━━━━━━━━━━━━━━━━━━━━━━━ 1.6/1.6 MB 495.3 MB/s eta 0:00:00
Downloading http://pypi-mirror.modal.local:5555/simple/librt/librt-0.15.0-cp310-cp310-manylinux2014_x86_64.manylinux_2_17_x86_64.manylinux_2_28_x86_64.whl (515 kB)
Downloading http://pypi-mirror.modal.local:5555/simple/markdown/markdown-3.10.3-py3-none-any.whl (110 kB)
Downloading http://pypi-mirror.modal.local:5555/simple/mypy-extensions/mypy_extensions-1.1.0-py3-none-any.whl (5.0 kB)
Downloading http://pypi-mirror.modal.local:5555/simple/networkx/networkx-3.4.2-py3-none-any.whl (1.7 MB)
   ━━━━━━━━━━━━━━━━━━━━━━━━━━━━━━━━━━━━━━━━ 1.7/1.7 MB 286.5 MB/s eta 0:00:00
Downloading http://pypi-mirror.modal.local:5555/simple/numba/numba-0.66.0-cp310-cp310-manylinux2014_x86_64.manylinux_2_17_x86_64.whl (3.8 MB)
   ━━━━━━━━━━━━━━━━━━━━━━━━━━━━━━━━━━━━━━━━ 3.8/3.8 MB 547.0 MB/s eta 0:00:00
Downloading http://pypi-mirror.modal.local:5555/simple/llvmlite/llvmlite-0.48.0-cp310-cp310-manylinux2014_x86_64.manylinux_2_17_x86_64.whl (59.9 MB)
   ━━━━━━━━━━━━━━━━━━━━━━━━━━━━━━━━━━━━━━━━ 59.9/59.9 MB 527.4 MB/s eta 0:00:00
Downloading http://pypi-mirror.modal.local:5555/simple/packaging/packaging-26.3-py3-none-any.whl (129 kB)
Downloading http://pypi-mirror.modal.local:5555/simple/pathspec/pathspec-1.1.1-py3-none-any.whl (57 kB)
Downloading http://pypi-mirror.modal.local:5555/simple/pexpect/pexpect-4.9.0-py2.py3-none-any.whl (63 kB)
Downloading http://pypi-mirror.modal.local:5555/simple/platformdirs/platformdirs-4.11.1-py3-none-any.whl (23 kB)
Downloading http://pypi-mirror.modal.local:5555/simple/ptyprocess/ptyprocess-0.7.0-py2.py3-none-any.whl (13 kB)
Downloading http://pypi-mirror.modal.local:5555/simple/pyarrow/pyarrow-25.0.0-cp310-cp310-manylinux_2_28_x86_64.whl (50.1 MB)
   ━━━━━━━━━━━━━━━━━━━━━━━━━━━━━━━━━━━━━━━━ 50.1/50.1 MB 527.6 MB/s eta 0:00:00
Downloading http://pypi-mirror.modal.local:5555/simple/pygments/pygments-2.20.0-py3-none-any.whl (1.2 MB)
   ━━━━━━━━━━━━━━━━━━━━━━━━━━━━━━━━━━━━━━━━ 1.2/1.2 MB 1.2 GB/s eta 0:00:00
Downloading http://pypi-mirror.modal.local:5555/simple/pynndescent/pynndescent-0.6.0-py3-none-any.whl (73 kB)
Downloading http://pypi-mirror.modal.local:5555/simple/python-dateutil/python_dateutil-2.9.0.post0-py2.py3-none-any.whl (229 kB)
Downloading http://pypi-mirror.modal.local:5555/simple/pytz/pytz-2026.3.post1-py2.py3-none-any.whl (508 kB)
Downloading http://pypi-mirror.modal.local:5555/simple/regex/regex-2026.7.19-cp310-cp310-manylinux2014_x86_64.manylinux_2_17_x86_64.manylinux_2_28_x86_64.whl (793 kB)
   ━━━━━━━━━━━━━━━━━━━━━━━━━━━━━━━━━━━━━━━━ 793.5/793.5 kB 1.0 GB/s eta 0:00:00
Downloading http://pypi-mirror.modal.local:5555/simple/rich/rich-15.0.0-py3-none-any.whl (310 kB)
Downloading http://pypi-mirror.modal.local:5555/simple/markdown-it-py/markdown_it_py-4.2.0-py3-none-any.whl (91 kB)
Downloading http://pypi-mirror.modal.local:5555/simple/mdurl/mdurl-0.1.2-py3-none-any.whl (10.0 kB)
Downloading http://pypi-mirror.modal.local:5555/simple/safetensors/safetensors-0.8.0-cp310-abi3-manylinux_2_17_x86_64.manylinux2014_x86_64.whl (516 kB)
Downloading http://pypi-mirror.modal.local:5555/simple/sentry-sdk/sentry_sdk-2.66.1-py3-none-any.whl (505 kB)
Downloading http://pypi-mirror.modal.local:5555/simple/setuptools/setuptools-83.0.0-py3-none-any.whl (1.0 MB)
   ━━━━━━━━━━━━━━━━━━━━━━━━━━━━━━━━━━━━━━━━ 1.0/1.0 MB 864.4 MB/s eta 0:00:00
Downloading http://pypi-mirror.modal.local:5555/simple/six/six-1.17.0-py2.py3-none-any.whl (11 kB)
Downloading http://pypi-mirror.modal.local:5555/simple/sqlalchemy/sqlalchemy-2.0.51-cp310-cp310-manylinux2014_x86_64.manylinux_2_17_x86_64.manylinux_2_28_x86_64.whl (3.2 MB)
   ━━━━━━━━━━━━━━━━━━━━━━━━━━━━━━━━━━━━━━━━ 3.2/3.2 MB 134.2 MB/s eta 0:00:00
Downloading http://pypi-mirror.modal.local:5555/simple/greenlet/greenlet-3.5.4-cp310-cp310-manylinux_2_24_x86_64.manylinux_2_28_x86_64.whl (622 kB)
   ━━━━━━━━━━━━━━━━━━━━━━━━━━━━━━━━━━━━━━━━ 622.9/622.9 kB 1.2 GB/s eta 0:00:00
Downloading http://pypi-mirror.modal.local:5555/simple/sympy/sympy-1.14.0-py3-none-any.whl (6.3 MB)
   ━━━━━━━━━━━━━━━━━━━━━━━━━━━━━━━━━━━━━━━━ 6.3/6.3 MB 493.6 MB/s eta 0:00:00
Downloading http://pypi-mirror.modal.local:5555/simple/mpmath/mpmath-1.3.0-py3-none-any.whl (536 kB)
   ━━━━━━━━━━━━━━━━━━━━━━━━━━━━━━━━━━━━━━━ 536.2/536.2 kB 873.6 MB/s eta 0:00:00
Downloading http://pypi-mirror.modal.local:5555/simple/threadpoolctl/threadpoolctl-3.6.0-py3-none-any.whl (18 kB)
Downloading http://pypi-mirror.modal.local:5555/simple/tomli/tomli-2.4.1-py3-none-any.whl (14 kB)
Downloading http://pypi-mirror.modal.local:5555/simple/traitlets/traitlets-5.16.1-py3-none-any.whl (86 kB)
Downloading http://pypi-mirror.modal.local:5555/simple/typing-inspection/typing_inspection-0.4.2-py3-none-any.whl (14 kB)
Downloading http://pypi-mirror.modal.local:5555/simple/tzdata/tzdata-2026.3-py2.py3-none-any.whl (348 kB)
Downloading http://pypi-mirror.modal.local:5555/simple/wcwidth/wcwidth-0.8.2-py3-none-any.whl (323 kB)
Downloading http://pypi-mirror.modal.local:5555/simple/werkzeug/werkzeug-3.1.8-py3-none-any.whl (226 kB)
Downloading http://pypi-mirror.modal.local:5555/simple/anyio/anyio-4.14.2-py3-none-any.whl (125 kB)
Downloading http://pypi-mirror.modal.local:5555/simple/cbor2/cbor2-6.1.4-cp310-cp310-manylinux_2_28_x86_64.whl (464 kB)
Downloading http://pypi-mirror.modal.local:5555/simple/colorlog/colorlog-6.12.0-py3-none-any.whl (12 kB)
Downloading http://pypi-mirror.modal.local:5555/simple/decorator/decorator-5.3.1-py3-none-any.whl (10 kB)
Downloading http://pypi-mirror.modal.local:5555/simple/filelock/filelock-3.32.2-py3-none-any.whl (98 kB)
Downloading http://pypi-mirror.modal.local:5555/simple/ipykernel/ipykernel-7.3.0-py3-none-any.whl (120 kB)
Downloading http://pypi-mirror.modal.local:5555/simple/comm/comm-0.2.3-py3-none-any.whl (7.3 kB)
Downloading http://pypi-mirror.modal.local:5555/simple/debugpy/debugpy-1.8.21-cp310-cp310-manylinux_2_34_x86_64.whl (3.0 MB)
   ━━━━━━━━━━━━━━━━━━━━━━━━━━━━━━━━━━━━━━━━ 3.0/3.0 MB 114.2 MB/s eta 0:00:00
Downloading http://pypi-mirror.modal.local:5555/simple/jupyter-client/jupyter_client-8.9.1-py3-none-any.whl (109 kB)
Downloading http://pypi-mirror.modal.local:5555/simple/jupyter-core/jupyter_core-5.9.1-py3-none-any.whl (29 kB)
Downloading http://pypi-mirror.modal.local:5555/simple/matplotlib-inline/matplotlib_inline-0.2.2-py3-none-any.whl (9.5 kB)
Downloading http://pypi-mirror.modal.local:5555/simple/nest-asyncio2/nest_asyncio2-1.7.2-py3-none-any.whl (7.8 kB)
Downloading http://pypi-mirror.modal.local:5555/simple/pyzmq/pyzmq-27.1.0-cp310-cp310-manylinux_2_26_x86_64.manylinux_2_28_x86_64.whl (854 kB)
   ━━━━━━━━━━━━━━━━━━━━━━━━━━━━━━━━━━━━━━━ 854.1/854.1 kB 406.7 MB/s eta 0:00:00
Downloading http://pypi-mirror.modal.local:5555/simple/tornado/tornado-6.5.8-cp39-abi3-manylinux1_x86_64.manylinux_2_28_x86_64.manylinux_2_5_x86_64.whl (450 kB)
Downloading http://pypi-mirror.modal.local:5555/simple/ipywidgets/ipywidgets-8.1.8-py3-none-any.whl (139 kB)
Downloading http://pypi-mirror.modal.local:5555/simple/jupyterlab-widgets/jupyterlab_widgets-3.0.16-py3-none-any.whl (914 kB)
   ━━━━━━━━━━━━━━━━━━━━━━━━━━━━━━━━━━━━━━━ 914.9/914.9 kB 158.1 MB/s eta 0:00:00
Downloading http://pypi-mirror.modal.local:5555/simple/widgetsnbextension/widgetsnbextension-4.0.15-py3-none-any.whl (2.2 MB)
   ━━━━━━━━━━━━━━━━━━━━━━━━━━━━━━━━━━━━━━━━ 2.2/2.2 MB 100.3 MB/s eta 0:00:00
Downloading http://pypi-mirror.modal.local:5555/simple/jupyter-console/jupyter_console-6.6.3-py3-none-any.whl (24 kB)
Downloading http://pypi-mirror.modal.local:5555/simple/jupyterlab/jupyterlab-4.6.2-py3-none-any.whl (17.2 MB)
   ━━━━━━━━━━━━━━━━━━━━━━━━━━━━━━━━━━━━━━━━ 17.2/17.2 MB 80.8 MB/s eta 0:00:00
Downloading http://pypi-mirror.modal.local:5555/simple/jupyter-server/jupyter_server-2.20.0-py3-none-any.whl (393 kB)
Downloading http://pypi-mirror.modal.local:5555/simple/jupyterlab-server/jupyterlab_server-2.28.0-py3-none-any.whl (59 kB)
Downloading http://pypi-mirror.modal.local:5555/simple/argon2-cffi/argon2_cffi-25.1.0-py3-none-any.whl (14 kB)
Downloading http://pypi-mirror.modal.local:5555/simple/async-lru/async_lru-2.3.0-py3-none-any.whl (8.4 kB)
Downloading http://pypi-mirror.modal.local:5555/simple/babel/babel-2.18.0-py3-none-any.whl (10.2 MB)
   ━━━━━━━━━━━━━━━━━━━━━━━━━━━━━━━━━━━━━━━━ 10.2/10.2 MB 517.2 MB/s eta 0:00:00
Downloading http://pypi-mirror.modal.local:5555/simple/json5/json5-0.15.0-py3-none-any.whl (36 kB)
Downloading http://pypi-mirror.modal.local:5555/simple/jsonschema/jsonschema-4.26.0-py3-none-any.whl (90 kB)
Downloading http://pypi-mirror.modal.local:5555/simple/jsonschema-specifications/jsonschema_specifications-2025.9.1-py3-none-any.whl (18 kB)
Downloading http://pypi-mirror.modal.local:5555/simple/jupyter-builder/jupyter_builder-1.2.2-py3-none-any.whl (915 kB)
   ━━━━━━━━━━━━━━━━━━━━━━━━━━━━━━━━━━━━━━━ 915.3/915.3 kB 578.5 MB/s eta 0:00:00
Downloading http://pypi-mirror.modal.local:5555/simple/jupyter-events/jupyter_events-0.12.1-py3-none-any.whl (19 kB)
Downloading http://pypi-mirror.modal.local:5555/simple/jsonpointer/jsonpointer-3.1.1-py3-none-any.whl (7.7 kB)
Downloading http://pypi-mirror.modal.local:5555/simple/jupyter-lsp/jupyter_lsp-2.3.1-py3-none-any.whl (77 kB)
Downloading http://pypi-mirror.modal.local:5555/simple/jupyter-server-terminals/jupyter_server_terminals-0.5.4-py3-none-any.whl (13 kB)
Downloading http://pypi-mirror.modal.local:5555/simple/nbconvert/nbconvert-7.17.1-py3-none-any.whl (261 kB)
Downloading http://pypi-mirror.modal.local:5555/simple/mistune/mistune-3.3.4-py3-none-any.whl (66 kB)
Downloading http://pypi-mirror.modal.local:5555/simple/bleach/bleach-6.4.0-py3-none-any.whl (165 kB)
Downloading http://pypi-mirror.modal.local:5555/simple/nbclient/nbclient-0.11.0-py3-none-any.whl (25 kB)
Downloading http://pypi-mirror.modal.local:5555/simple/nbformat/nbformat-5.11.0-py3-none-any.whl (79 kB)
Downloading http://pypi-mirror.modal.local:5555/simple/fastjsonschema/fastjsonschema-2.22.1-py3-none-any.whl (26 kB)
Downloading http://pypi-mirror.modal.local:5555/simple/notebook-shim/notebook_shim-0.2.4-py3-none-any.whl (13 kB)
Downloading http://pypi-mirror.modal.local:5555/simple/overrides/overrides-7.7.0-py3-none-any.whl (17 kB)
Downloading http://pypi-mirror.modal.local:5555/simple/pandocfilters/pandocfilters-1.5.1-py2.py3-none-any.whl (8.7 kB)
Downloading http://pypi-mirror.modal.local:5555/simple/prometheus-client/prometheus_client-0.26.0-py3-none-any.whl (64 kB)
Downloading http://pypi-mirror.modal.local:5555/simple/python-json-logger/python_json_logger-4.1.0-py3-none-any.whl (15 kB)
Downloading http://pypi-mirror.modal.local:5555/simple/referencing/referencing-0.37.0-py3-none-any.whl (26 kB)
Downloading http://pypi-mirror.modal.local:5555/simple/rfc3986-validator/rfc3986_validator-0.1.1-py2.py3-none-any.whl (4.2 kB)
Downloading http://pypi-mirror.modal.local:5555/simple/rfc3987-syntax/rfc3987_syntax-1.1.0-py3-none-any.whl (8.0 kB)
Downloading http://pypi-mirror.modal.local:5555/simple/lark/lark-1.3.1-py3-none-any.whl (113 kB)
Downloading http://pypi-mirror.modal.local:5555/simple/rpds-py/rpds_py-0.30.0-cp310-cp310-manylinux_2_17_x86_64.manylinux2014_x86_64.whl (390 kB)
Downloading http://pypi-mirror.modal.local:5555/simple/send2trash/send2trash-2.1.0-py3-none-any.whl (17 kB)
Downloading http://pypi-mirror.modal.local:5555/simple/terminado/terminado-0.18.1-py3-none-any.whl (14 kB)
Downloading http://pypi-mirror.modal.local:5555/simple/tinycss2/tinycss2-1.5.1-py3-none-any.whl (28 kB)
Downloading http://pypi-mirror.modal.local:5555/simple/webcolors/webcolors-25.10.0-py3-none-any.whl (14 kB)
Downloading http://pypi-mirror.modal.local:5555/simple/webencodings/webencodings-0.5.1-py2.py3-none-any.whl (11 kB)
Downloading http://pypi-mirror.modal.local:5555/simple/websocket-client/websocket_client-1.9.0-py3-none-any.whl (82 kB)
Downloading http://pypi-mirror.modal.local:5555/simple/argon2-cffi-bindings/argon2_cffi_bindings-25.1.0-cp39-abi3-manylinux_2_26_x86_64.manylinux_2_28_x86_64.whl (87 kB)
Downloading http://pypi-mirror.modal.local:5555/simple/cffi/cffi-2.1.1-cp310-cp310-manylinux2014_x86_64.manylinux_2_17_x86_64.whl (218 kB)
Downloading http://pypi-mirror.modal.local:5555/simple/beautifulsoup4/beautifulsoup4-4.15.0-py3-none-any.whl (109 kB)
Downloading http://pypi-mirror.modal.local:5555/simple/soupsieve/soupsieve-2.9.2-py3-none-any.whl (37 kB)
Downloading http://pypi-mirror.modal.local:5555/simple/defusedxml/defusedxml-0.7.1-py2.py3-none-any.whl (25 kB)
Downloading http://pypi-mirror.modal.local:5555/simple/fqdn/fqdn-1.5.1-py3-none-any.whl (9.1 kB)
Downloading http://pypi-mirror.modal.local:5555/simple/isoduration/isoduration-20.11.0-py3-none-any.whl (11 kB)
Downloading http://pypi-mirror.modal.local:5555/simple/arrow/arrow-1.4.0-py3-none-any.whl (68 kB)
Downloading http://pypi-mirror.modal.local:5555/simple/jupyterlab-pygments/jupyterlab_pygments-0.3.0-py3-none-any.whl (15 kB)
Downloading http://pypi-mirror.modal.local:5555/simple/mako/mako-1.4.1-py3-none-any.whl (80 kB)
Downloading http://pypi-mirror.modal.local:5555/simple/notebook/notebook-7.6.1-py3-none-any.whl (5.5 MB)
   ━━━━━━━━━━━━━━━━━━━━━━━━━━━━━━━━━━━━━━━━ 5.5/5.5 MB 104.0 MB/s eta 0:00:00
Downloading http://pypi-mirror.modal.local:5555/simple/pycparser/pycparser-3.0-py3-none-any.whl (48 kB)
Downloading http://pypi-mirror.modal.local:5555/simple/rfc3339-validator/rfc3339_validator-0.1.4-py2.py3-none-any.whl (3.5 kB)
Downloading http://pypi-mirror.modal.local:5555/simple/stack-data/stack_data-0.6.3-py3-none-any.whl (24 kB)
Downloading http://pypi-mirror.modal.local:5555/simple/asttokens/asttokens-3.0.2-py3-none-any.whl (28 kB)
Downloading http://pypi-mirror.modal.local:5555/simple/executing/executing-2.2.1-py2.py3-none-any.whl (28 kB)
Downloading http://pypi-mirror.modal.local:5555/simple/pure-eval/pure_eval-0.2.3-py3-none-any.whl (11 kB)
Downloading http://pypi-mirror.modal.local:5555/simple/toml/toml-0.10.2-py2.py3-none-any.whl (16 kB)
Downloading http://pypi-mirror.modal.local:5555/simple/types-certifi/types_certifi-2021.10.8.3-py3-none-any.whl (2.1 kB)
Downloading http://pypi-mirror.modal.local:5555/simple/types-toml/types_toml-0.10.8.20260518-py3-none-any.whl (9.7 kB)
Downloading http://pypi-mirror.modal.local:5555/simple/uri-template/uri_template-1.3.0-py3-none-any.whl (11 kB)
Downloading http://pypi-mirror.modal.local:5555/simple/watchfiles/watchfiles-1.2.0-cp310-cp310-manylinux_2_17_x86_64.manylinux2014_x86_64.whl (457 kB)
Building wheels for collected packages: antlr4-python3-runtime
  DEPRECATION: Building 'antlr4-python3-runtime' using the legacy setup.py bdist_wheel mechanism, which will be removed in a future version. pip 25.3 will enforce this behaviour change. A possible replacement is to use the standardized build interface by setting the `--use-pep517` option, (possibly combined with `--no-build-isolation`), or adding a `pyproject.toml` file to the source tree of 'antlr4-python3-runtime'. Discussion can be found at https://github.com/pypa/pip/issues/6334
  Building wheel for antlr4-python3-runtime (setup.py): started
  Building wheel for antlr4-python3-runtime (setup.py): finished with status 'done'
  Created wheel for antlr4-python3-runtime: filename=antlr4_python3_runtime-4.9.3-py3-none-any.whl size=144555 sha256=187021b4cd7030f0ba2c29c20fdd1655628f2e6f082d8f5ae91f16dd343995bd
  Stored in directory: /tmp/pip-ephem-wheel-cache-hnmgovt4/wheels/60/32/27/0b5089bdfc3d88738e9dd42a34e77dbcec64c5867bf6c0d859
Successfully built antlr4-python3-runtime
Installing collected packages: webencodings, types-certifi, pytz, pure-eval, ptyprocess, nvidia-cusparselt-cu13, mpmath, cuda-toolkit, antlr4-python3-runtime, widgetsnbextension, werkzeug, websocket-client, webcolors, wcwidth, uri-template, tzdata, typing-inspection, types-toml, triton, traitlets, tornado, tomli, toml, tinycss2, threadpoolctl, tensorboard-data-server, synchronicity, sympy, soupsieve, six, setuptools, sentry-sdk, send2trash, scipy, safetensors, rpds-py, rfc3986-validator, regex, pyzmq, pyyaml, pytokens, python-json-logger, pygments, pyflakes, pydantic-core, pycparser, pycodestyle, pyarrow, protobuf, prometheus-client, pluggy, platformdirs, pillow, pexpect, pathspec, parso, pandocfilters, packaging, overrides, nvidia-nvtx, nvidia-nvshmem-cu13, nvidia-nvjitlink, nvidia-nccl-cu13, nvidia-curand, nvidia-cufile, nvidia-cuda-runtime, nvidia-cuda-nvrtc, nvidia-cuda-cupti, networkx, nest-asyncio2, mypy-extensions, mistune, mdurl, mccabe, markdown, Mako, llvmlite, librt, lark, kiwisolver, jupyterlab_widgets, jupyterlab-pygments, jsonpointer, json5, joblib, iniconfig, hyperframe, hpack, hf-xet, h11, grpcio, greenlet, fsspec, fqdn, fonttools, filelock, fastjsonschema, executing, exceptiongroup, dill, defusedxml, decorator, debugpy, cycler, cuda-pathfinder, contourpy, comm, colorlog, click, cbor2, bleach, babel, async-lru, asttokens, ast-serialize, annotated-types, absl-py, tmdbsimple, terminado, tensorboard, stack_data, sqlalchemy, scikit-learn, rfc3987-syntax, rfc3339-validator, referencing, python-dateutil, pytest, pydantic, prompt_toolkit, omegaconf, nvidia-cusparse, nvidia-cufft, nvidia-cublas, numba, mypy, multiprocess, matplotlib-inline, markdown-it-py, jupyter-core, jedi, huggingface-hub, httpcore, h2, flake8, cuda-bindings, cffi, black, beautifulsoup4, anyio, watchfiles, wandb, tokenizers, rich, pynndescent, pandas, nvidia-cusolver, nvidia-cudnn-cu13, matplotlib, jupyter-server-terminals, jupyter-client, jupyter-builder, jsonschema-specifications, ipython, httpx, hdbscan, grpclib, arrow, argon2-cffi-bindings, alembic, umap-learn, transformers, seaborn, optuna, modal, jsonschema, isoduration, ipywidgets, ipykernel, argon2-cffi, torch, nbformat, jupyter-console, datasets, torchvision, nbclient, jupyter-events, accelerate, peft, nbconvert, jupyter-server, notebook-shim, jupyterlab-server, jupyter-lsp, jupyterlab, notebook, jupyter
  Attempting uninstall: setuptools
    Found existing installation: setuptools 65.5.1
    Uninstalling setuptools-65.5.1:
      Successfully uninstalled setuptools-65.5.1
  Attempting uninstall: fsspec
    Found existing installation: fsspec 2026.7.0
    Uninstalling fsspec-2026.7.0:
      Successfully uninstalled fsspec-2026.7.0

Successfully installed Mako-1.4.1 absl-py-2.5.0 accelerate-1.14.0 alembic-1.19.0 annotated-types-0.8.0 antlr4-python3-runtime-4.9.3 anyio-4.14.2 argon2-cffi-25.1.0 argon2-cffi-bindings-25.1.0 arrow-1.4.0 ast-serialize-0.8.0 asttokens-3.0.2 async-lru-2.3.0 babel-2.18.0 beautifulsoup4-4.15.0 black-26.5.1 bleach-6.4.0 cbor2-6.1.4 cffi-2.1.1 click-8.4.2 colorlog-6.12.0 comm-0.2.3 contourpy-1.3.2 cuda-bindings-13.3.1 cuda-pathfinder-1.6.0 cuda-toolkit-13.0.3.0 cycler-0.12.1 datasets-5.0.1 debugpy-1.8.21 decorator-5.3.1 defusedxml-0.7.1 dill-0.4.1 exceptiongroup-1.3.1 executing-2.2.1 fastjsonschema-2.22.1 filelock-3.32.2 flake8-7.3.0 fonttools-4.63.0 fqdn-1.5.1 fsspec-2026.6.0 greenlet-3.5.4 grpcio-1.83.0 grpclib-0.4.9 h11-0.16.0 h2-4.4.1 hdbscan-0.8.44 hf-xet-1.6.0 hpack-4.2.0 httpcore-1.0.9 httpx-0.28.1 huggingface-hub-0.36.2 hyperframe-6.1.0 iniconfig-2.3.0 ipykernel-7.3.0 ipython-8.39.0 ipywidgets-8.1.8 isoduration-20.11.0 jedi-0.20.0 joblib-1.5.3 json5-0.15.0 jsonpointer-3.1.1 jsonschema-4.26.0 jsonschema-specifications-2025.9.1 jupyter-1.1.1 jupyter-builder-1.2.2 jupyter-client-8.9.1 jupyter-console-6.6.3 jupyter-core-5.9.1 jupyter-events-0.12.1 jupyter-lsp-2.3.1 jupyter-server-2.20.0 jupyter-server-terminals-0.5.4 jupyterlab-4.6.2 jupyterlab-pygments-0.3.0 jupyterlab-server-2.28.0 jupyterlab_widgets-3.0.16 kiwisolver-1.5.0 lark-1.3.1 librt-0.15.0 llvmlite-0.48.0 markdown-3.10.3 markdown-it-py-4.2.0 matplotlib-3.10.9 matplotlib-inline-0.2.2 mccabe-0.7.0 mdurl-0.1.2 mistune-3.3.4 modal-1.5.3 mpmath-1.3.0 multiprocess-0.70.19 mypy-2.3.0 mypy-extensions-1.1.0 nbclient-0.11.0 nbconvert-7.17.1 nbformat-5.11.0 nest-asyncio2-1.7.2 networkx-3.4.2 notebook-7.6.1 notebook-shim-0.2.4 numba-0.66.0 nvidia-cublas-13.1.1.3 nvidia-cuda-cupti-13.0.85 nvidia-cuda-nvrtc-13.0.88 nvidia-cuda-runtime-13.0.96 nvidia-cudnn-cu13-9.20.0.48 nvidia-cufft-12.0.0.61 nvidia-cufile-1.15.1.6 nvidia-curand-10.4.0.35 nvidia-cusolver-12.0.4.66 nvidia-cusparse-12.6.3.3 nvidia-cusparselt-cu13-0.8.1 nvidia-nccl-cu13-2.29.7 nvidia-nvjitlink-13.3.33 nvidia-nvshmem-cu13-3.4.5 nvidia-nvtx-13.0.85 omegaconf-2.3.1 optuna-4.9.0 overrides-7.7.0 packaging-26.3 pandas-2.3.3 pandocfilters-1.5.1 parso-0.8.7 pathspec-1.1.1 peft-0.20.0 pexpect-4.9.0 pillow-12.3.0 platformdirs-4.11.1 pluggy-1.6.0 prometheus-client-0.26.0 prompt_toolkit-3.0.53 protobuf-6.33.6 ptyprocess-0.7.0 pure-eval-0.2.3 pyarrow-25.0.0 pycodestyle-2.14.0 pycparser-3.0 pydantic-2.13.4 pydantic-core-2.46.4 pyflakes-3.4.0 pygments-2.20.0 pynndescent-0.6.0 pytest-9.1.1 python-dateutil-2.9.0.post0 python-json-logger-4.1.0 pytokens-0.4.1 pytz-2026.3.post1 pyyaml-6.0.3 pyzmq-27.1.0 referencing-0.37.0 regex-2026.7.19 rfc3339-validator-0.1.4 rfc3986-validator-0.1.1 rfc3987-syntax-1.1.0 rich-15.0.0 rpds-py-0.30.0 safetensors-0.8.0 scikit-learn-1.7.2 scipy-1.15.3 seaborn-0.13.2 send2trash-2.1.0 sentry-sdk-2.66.1 setuptools-83.0.0 six-1.17.0 soupsieve-2.9.2 sqlalchemy-2.0.51 stack_data-0.6.3 sympy-1.14.0 synchronicity-0.12.5 tensorboard-2.21.0 tensorboard-data-server-0.7.2 terminado-0.18.1 threadpoolctl-3.6.0 tinycss2-1.5.1 tmdbsimple-2.9.8 tokenizers-0.15.2 toml-0.10.2 tomli-2.4.1 torch-2.13.0 torchvision-0.28.0 tornado-6.5.8 traitlets-5.16.1 transformers-4.38.0 triton-3.7.1 types-certifi-2021.10.8.3 types-toml-0.10.8.20260518 typing-inspection-0.4.2 tzdata-2026.3 umap-learn-0.5.12 uri-template-1.3.0 wandb-0.28.1 watchfiles-1.2.0 wcwidth-0.8.2 webcolors-25.10.0 webencodings-0.5.1 websocket-client-1.9.0 werkzeug-3.1.8 widgetsnbextension-4.0.15

[notice] A new release of pip is available: 25.1.1 -> 26.2.1
[notice] To update, run: pip install --upgrade pip
Saving image...
Image saved, took 3.96s

Built image im-KaDCuegDzaLQ0178QLimTD in 111.93s


✓ Created objects.
├── 🔨 Created mount /teamspace/studios/this_studio/Sean_DATN/main_modal.py
├── 🔨 Created mount requirements.txt
├── 🔨 Created mount seed_utils.py
├── 🔨 Created mount /teamspace/studios/this_studio/Sean_DATN/evaluation
├── 🔨 Created mount /teamspace/studios/this_studio/Sean_DATN/training
├── 🔨 Created mount /teamspace/studios/this_studio/Sean_DATN/llm_augment
├── 🔨 Created mount /teamspace/studios/this_studio/Sean_DATN/model
├── 🔨 Created mount /teamspace/studios/this_studio/Sean_DATN/configs
├── 🔨 Created mount /teamspace/studios/this_studio/Sean_DATN/data
└── 🔨 Created function train.
[Seed] Global random seed set to 42 (deterministic mode)
[MMHCLDataset] Clothing: 39387 users, 23033 items, 197338 train pairs
[MMHCLDataset] Loaded user profile features (39387, 1024) from user_profile_feat.npy
[MMHCLDataset]   user_profile_feat.npy: backend=vllm, model=Qwen/Qwen3-8B, temp=0.3, prompts=2026-08-01.a, encoder=sentence-transformers/stsb-roberta-large, hash=1d212379131c2049
[MMHCLDataset] Loaded item LLM text features (23033, 1024) from text_llm_feat.npy
[MMHCLDataset]   text_llm_feat.npy: backend=vllm, model=Qwen/Qwen3-8B, temp=0.3, prompts=2026-08-01.a, encoder=sentence-transformers/stsb-roberta-large, hash=dfb1b227ec99d60c
/root/data/hypergraph_builder.py:122: UserWarning: Sparse invariant checks are implicitly disabled. Memory errors (e.g. SEGFAULT) will occur when operating on a sparse tensor which violates the invariants, but checks incur performance overhead. To silence this warning, explicitly opt in or out. See `torch.sparse.check_sparse_tensor_invariants.__doc__` for guidance.  (Triggered internally at /__w/pytorch/pytorch/aten/src/ATen/Context.cpp:816.)
  H = torch.sparse_coo_tensor(
[build_knn_cluster_incidence] N=23033, feat_dim=4096, n_clusters=151, top_k=10
[build_knn_cluster_incidence] H shape: (23033, 151), nnz=230,330, density=6.623%
[build_knn_cluster_incidence] N=23033, feat_dim=1024, n_clusters=151, top_k=10
[build_knn_cluster_incidence] H shape: (23033, 151), nnz=230,330, density=6.623%
[LLM] Shuffling user-profile rows with seed 42
[LLM] Shuffling item-LLM rows with seed 42
/root/data/mmhcl_dataset.py:548: UserWarning: Sparse CSR tensor support is in beta state. If you miss a functionality in the sparse tensor support, please submit a feature request to https://github.com/pytorch/pytorch/issues. (Triggered internally at /__w/pytorch/pytorch/aten/src/ATen/SparseCsrTensorImpl.cpp:49.)
  M = torch.sparse.mm(H, H.transpose(0, 1)).coalesce()
[Model] Injected LLM user profile features (39387, 1024)
[Model] Injected LLM item text features (23033, 1024)

[Step 3] Starting training

[Resume] No checkpoint found. Training from scratch.

============================================================
Epoch 1/1000
============================================================
/root/model/modules/losses.py:195: UserWarning: Converting a tensor with requires_grad=True to a scalar may lead to unexpected behavior.
Consider using tensor.detach() first. (Triggered internally at /__w/pytorch/pytorch/torch/csrc/autograd/generated/python_variable_methods.cpp:822.)
  return updated, float(synth_scores.mean())
Train loss: 10.9439
  total: 10.9439
  ranking: 4.3957
  emb_reg: 0.0104
  cl_item: 5.5976
  cl_user: 0.8031
  pos_score: 0.5361
  synth_neg_score_mean: 0.2383
  modal_align: 0.0494
  modal_modal: 0.0509
  mae: 0.0368
  gate_alpha_mean: 0.5108
  gate_alpha_std: 0.1984
  omega_user: 0.2998
  omega_item: 0.2011

============================================================
Epoch 2/1000
============================================================
  [Step 50] avg_loss: 10.8329
Train loss: 10.7147
  total: 10.7147
  ranking: 4.0884
  emb_reg: 0.0125
  cl_item: 5.5752
  cl_user: 0.8000
  pos_score: 0.8638
  synth_neg_score_mean: 0.2844
  modal_align: 0.0910
  modal_modal: 0.0936
  mae: 0.0540
  gate_alpha_mean: 0.5108
  gate_alpha_std: 0.1984
  omega_user: 0.3045
  omega_item: 0.2047
Val metrics: {'recall@20': 0.03777581919100694, 'ndcg@20': np.float64(0.014748319157624626), 'val_loss': 9.707767486572266, 'train_ce': 9.169883728027344, 'gen_gap': 0.5378837585449219}
[Best] Recall@20=0.0378 at epoch 2 — saved best checkpoint

============================================================
Epoch 3/1000
============================================================
  [Step 100] avg_loss: 10.7130
Train loss: 10.6356
  total: 10.6356
  ranking: 3.9191
  emb_reg: 0.0140
  cl_item: 5.5733
  cl_user: 0.7995
  pos_score: 1.0440
  synth_neg_score_mean: 0.3077
  modal_align: 0.1277
  modal_modal: 0.1370
  mae: 0.0650
  gate_alpha_mean: 0.5108
  gate_alpha_std: 0.1984
  omega_user: 0.3110
  omega_item: 0.2089

============================================================
Epoch 4/1000
============================================================
  [Step 150] avg_loss: 10.6604
Train loss: 10.6009
  total: 10.6009
  ranking: 3.7953
  emb_reg: 0.0152
  cl_item: 5.5731
  cl_user: 0.7995
  pos_score: 1.1753
  synth_neg_score_mean: 0.3240
  modal_align: 0.1616
  modal_modal: 0.1808
  mae: 0.0755
  gate_alpha_mean: 0.5108
  gate_alpha_std: 0.1984
  omega_user: 0.3179
  omega_item: 0.2132
Val metrics: {'recall@20': 0.04725253800202388, 'ndcg@20': np.float64(0.0201667544321699), 'val_loss': 9.615174293518066, 'train_ce': 8.92940616607666, 'gen_gap': 0.6857681274414062}
[Best] Recall@20=0.0473 at epoch 4 — saved best checkpoint

============================================================
Epoch 5/1000
============================================================
  [Step 200] avg_loss: 10.6373
Train loss: 10.5856
  total: 10.5856
  ranking: 3.6936
  emb_reg: 0.0163
  cl_item: 5.5735
  cl_user: 0.7997
  pos_score: 1.2827
  synth_neg_score_mean: 0.3359
  modal_align: 0.1938
  modal_modal: 0.2245
  mae: 0.0843
  gate_alpha_mean: 0.5108
  gate_alpha_std: 0.1984
  omega_user: 0.3250
  omega_item: 0.2177

============================================================
Epoch 6/1000
============================================================
  [Step 250] avg_loss: 10.6203
Train loss: 10.5770
  total: 10.5770
  ranking: 3.6043
  emb_reg: 0.0172
  cl_item: 5.5745
  cl_user: 0.8000
  pos_score: 1.3788
  synth_neg_score_mean: 0.3486
  modal_align: 0.2247
  modal_modal: 0.2667
  mae: 0.0895
  gate_alpha_mean: 0.5108
  gate_alpha_std: 0.1984
  omega_user: 0.3322
  omega_item: 0.2222
Val metrics: {'recall@20': 0.056430088728816725, 'ndcg@20': np.float64(0.02481749424448878), 'val_loss': 9.525650024414062, 'train_ce': 8.753728866577148, 'gen_gap': 0.7719211578369141}
[Best] Recall@20=0.0564 at epoch 6 — saved best checkpoint

============================================================
Epoch 7/1000
============================================================
  [Step 300] avg_loss: 10.6167
Train loss: 10.5709
  total: 10.5709
  ranking: 3.5211
  emb_reg: 0.0181
  cl_item: 5.5757
  cl_user: 0.8002
  pos_score: 1.4700
  synth_neg_score_mean: 0.3600
  modal_align: 0.2549
  modal_modal: 0.3105
  mae: 0.0904
  gate_alpha_mean: 0.5108
  gate_alpha_std: 0.1984
  omega_user: 0.3394
  omega_item: 0.2268

============================================================
Epoch 8/1000
============================================================
  [Step 350] avg_loss: 10.6034
Train loss: 10.5633
  total: 10.5633
  ranking: 3.4414
  emb_reg: 0.0190
  cl_item: 5.5772
  cl_user: 0.8005
  pos_score: 1.5600
  synth_neg_score_mean: 0.3733
  modal_align: 0.2842
  modal_modal: 0.3531
  mae: 0.0878
  gate_alpha_mean: 0.5108
  gate_alpha_std: 0.1984
  omega_user: 0.3465
  omega_item: 0.2314
Val metrics: {'recall@20': 0.06332195660400398, 'ndcg@20': np.float64(0.028095451605531875), 'val_loss': 9.489677429199219, 'train_ce': 8.597843170166016, 'gen_gap': 0.8918342590332031}
[Best] Recall@20=0.0633 at epoch 8 — saved best checkpoint

============================================================
Epoch 9/1000
============================================================
  [Step 400] avg_loss: 10.6022
Train loss: 10.5635
  total: 10.5635
  ranking: 3.3671
  emb_reg: 0.0199
  cl_item: 5.5789
  cl_user: 0.8007
  pos_score: 1.6462
  synth_neg_score_mean: 0.3868
  modal_align: 0.3131
  modal_modal: 0.3974
  mae: 0.0864
  gate_alpha_mean: 0.5108
  gate_alpha_std: 0.1984
  omega_user: 0.3535
  omega_item: 0.2360

============================================================
Epoch 10/1000
============================================================
  [Step 450] avg_loss: 10.5997
Train loss: 10.5641
  total: 10.5641
  ranking: 3.2945
  emb_reg: 0.0207
  cl_item: 5.5807
  cl_user: 0.8009
  pos_score: 1.7331
  synth_neg_score_mean: 0.4019
  modal_align: 0.3415
  modal_modal: 0.4391
  mae: 0.0868
  gate_alpha_mean: 0.5108
  gate_alpha_std: 0.1984
  omega_user: 0.3603
  omega_item: 0.2407
Val metrics: {'recall@20': 0.06817635018564258, 'ndcg@20': np.float64(0.030076238465979812), 'val_loss': 9.404930114746094, 'train_ce': 8.43414306640625, 'gen_gap': 0.9707870483398438}
[Best] Recall@20=0.0682 at epoch 10 — saved best checkpoint
Checkpoint saved: /checkpoints/clothing_shuffle_llm/Clothing_epoch10.pt

============================================================
Epoch 11/1000
============================================================
  [Step 500] avg_loss: 10.5222
Train loss: 10.4855
  total: 10.4855
  ranking: 3.2246
  emb_reg: 0.0216
  cl_item: 5.5824
  cl_user: 0.8011
  pos_score: 1.8178
  synth_neg_score_mean: 0.4165
  modal_align: 0.3364
  modal_modal: 0.4379
  mae: 0.0815
  gate_alpha_mean: 0.5108
  gate_alpha_std: 0.1984
  omega_user: 0.3670
  omega_item: 0.2453

============================================================
Epoch 12/1000
============================================================
  [Step 550] avg_loss: 10.4415
Train loss: 10.4145
  total: 10.4145
  ranking: 3.1570
  emb_reg: 0.0224
  cl_item: 5.5845
  cl_user: 0.8012
  pos_score: 1.9018
  synth_neg_score_mean: 0.4314
  modal_align: 0.3329
  modal_modal: 0.4380
  mae: 0.0785
  gate_alpha_mean: 0.5108
  gate_alpha_std: 0.1984
  omega_user: 0.3737
  omega_item: 0.2500
Val metrics: {'recall@20': 0.07124842980582183, 'ndcg@20': np.float64(0.0313733517554398), 'val_loss': 9.347365379333496, 'train_ce': 8.302209854125977, 'gen_gap': 1.0451555252075195}
[Best] Recall@20=0.0712 at epoch 12 — saved best checkpoint

============================================================
Epoch 13/1000
============================================================
  [Step 600] avg_loss: 10.3679
Train loss: 10.3413
  total: 10.3413
  ranking: 3.0863
  emb_reg: 0.0232
  cl_item: 5.5865
  cl_user: 0.8013
  pos_score: 1.9901
  synth_neg_score_mean: 0.4451
  modal_align: 0.3303
  modal_modal: 0.4365
  mae: 0.0773
  gate_alpha_mean: 0.5108
  gate_alpha_std: 0.1984
  omega_user: 0.3802
  omega_item: 0.2547

============================================================
Epoch 14/1000
============================================================
  [Step 650] avg_loss: 10.3010
Train loss: 10.2745
  total: 10.2745
  ranking: 3.0194
  emb_reg: 0.0240
  cl_item: 5.5886
  cl_user: 0.8013
  pos_score: 2.0751
  synth_neg_score_mean: 0.4596
  modal_align: 0.3282
  modal_modal: 0.4352
  mae: 0.0778
  gate_alpha_mean: 0.5108
  gate_alpha_std: 0.1984
  omega_user: 0.3868
  omega_item: 0.2595
Val metrics: {'recall@20': 0.0727252284111146, 'ndcg@20': np.float64(0.032292786377824026), 'val_loss': 9.30477237701416, 'train_ce': 8.148262023925781, 'gen_gap': 1.156510353088379}
[Best] Recall@20=0.0727 at epoch 14 — saved best checkpoint

============================================================
Epoch 15/1000
============================================================
  [Step 700] avg_loss: 10.2244
Train loss: 10.2085
  total: 10.2085
  ranking: 2.9500
  emb_reg: 0.0248
  cl_item: 5.5908
  cl_user: 0.8014
  pos_score: 2.1640
  synth_neg_score_mean: 0.4747
  modal_align: 0.3265
  modal_modal: 0.4364
  mae: 0.0787
  gate_alpha_mean: 0.5108
  gate_alpha_std: 0.1984
  omega_user: 0.3934
  omega_item: 0.2642

============================================================
Epoch 16/1000
============================================================
  [Step 750] avg_loss: 10.1698
Train loss: 10.1508
  total: 10.1508
  ranking: 2.8884
  emb_reg: 0.0256
  cl_item: 5.5926
  cl_user: 0.8014
  pos_score: 2.2466
  synth_neg_score_mean: 0.4894
  modal_align: 0.3249
  modal_modal: 0.4376
  mae: 0.0802
  gate_alpha_mean: 0.5108
  gate_alpha_std: 0.1984
  omega_user: 0.3996
  omega_item: 0.2687
Val metrics: {'recall@20': 0.07501387332296006, 'ndcg@20': np.float64(0.03323480662990931), 'val_loss': 9.286697387695312, 'train_ce': 8.054195404052734, 'gen_gap': 1.2325019836425781}
[Best] Recall@20=0.0750 at epoch 16 — saved best checkpoint

============================================================
Epoch 17/1000
============================================================
  [Step 800] avg_loss: 10.1094
Train loss: 10.0933
  total: 10.0933
  ranking: 2.8299
  emb_reg: 0.0264
  cl_item: 5.5949
  cl_user: 0.8015
  pos_score: 2.3232
  synth_neg_score_mean: 0.5028
  modal_align: 0.3236
  modal_modal: 0.4350
  mae: 0.0821
  gate_alpha_mean: 0.5108
  gate_alpha_std: 0.1984
  omega_user: 0.4059
  omega_item: 0.2733

============================================================
Epoch 18/1000
============================================================
  [Step 850] avg_loss: 10.0552
Train loss: 10.0368
  total: 10.0368
  ranking: 2.7687
  emb_reg: 0.0272
  cl_item: 5.5968
  cl_user: 0.8015
  pos_score: 2.4064
  synth_neg_score_mean: 0.5166
  modal_align: 0.3224
  modal_modal: 0.4361
  mae: 0.0842
  gate_alpha_mean: 0.5108
  gate_alpha_std: 0.1984
  omega_user: 0.4119
  omega_item: 0.2777
Val metrics: {'recall@20': 0.07663983281890205, 'ndcg@20': np.float64(0.034004011120226475), 'val_loss': 9.228839874267578, 'train_ce': 7.90165376663208, 'gen_gap': 1.327186107635498}
[Best] Recall@20=0.0766 at epoch 18 — saved best checkpoint

============================================================
Epoch 19/1000
============================================================
  [Step 900] avg_loss: 9.9955
Train loss: 9.9812
  total: 9.9812
  ranking: 2.7094
  emb_reg: 0.0279
  cl_item: 5.5988
  cl_user: 0.8014
  pos_score: 2.4856
  synth_neg_score_mean: 0.5300
  modal_align: 0.3212
  modal_modal: 0.4364
  mae: 0.0861
  gate_alpha_mean: 0.5108
  gate_alpha_std: 0.1984
  omega_user: 0.4178
  omega_item: 0.2820

============================================================
Epoch 20/1000
============================================================
  [Step 950] avg_loss: 9.9376
Train loss: 9.9275
  total: 9.9275
  ranking: 2.6523
  emb_reg: 0.0286
  cl_item: 5.6006
  cl_user: 0.8014
  pos_score: 2.5643
  synth_neg_score_mean: 0.5412
  modal_align: 0.3201
  modal_modal: 0.4365
  mae: 0.0880
  gate_alpha_mean: 0.5108
  gate_alpha_std: 0.1984
  omega_user: 0.4236
  omega_item: 0.2862
Val metrics: {'recall@20': 0.0772698751219583, 'ndcg@20': np.float64(0.03434144181917179), 'val_loss': 9.218307495117188, 'train_ce': 7.782458782196045, 'gen_gap': 1.4358487129211426}
[Best] Recall@20=0.0773 at epoch 20 — saved best checkpoint
Checkpoint saved: /checkpoints/clothing_shuffle_llm/Clothing_epoch20.pt

============================================================
Epoch 21/1000
============================================================
  [Step 1000] avg_loss: 9.8948
Train loss: 9.8790
  total: 9.8790
  ranking: 2.5989
  emb_reg: 0.0293
  cl_item: 5.6026
  cl_user: 0.8014
  pos_score: 2.6382
  synth_neg_score_mean: 0.5543
  modal_align: 0.3190
  modal_modal: 0.4378
  mae: 0.0900
  gate_alpha_mean: 0.5108
  gate_alpha_std: 0.1984
  omega_user: 0.4290
  omega_item: 0.2903

============================================================
Epoch 22/1000
============================================================
  [Step 1050] avg_loss: 9.8427
Train loss: 9.8299
  total: 9.8299
  ranking: 2.5490
  emb_reg: 0.0300
  cl_item: 5.6049
  cl_user: 0.8015
  pos_score: 2.7093
  synth_neg_score_mean: 0.5674
  modal_align: 0.3181
  modal_modal: 0.4341
  mae: 0.0922
  gate_alpha_mean: 0.5108
  gate_alpha_std: 0.1984
  omega_user: 0.4348
  omega_item: 0.2945
Val metrics: {'recall@20': 0.07769598864503274, 'ndcg@20': np.float64(0.03456778251770972), 'val_loss': 9.169046401977539, 'train_ce': 7.634258270263672, 'gen_gap': 1.5347881317138672}
[Best] Recall@20=0.0777 at epoch 22 — saved best checkpoint

============================================================
Epoch 23/1000
============================================================
  [Step 1100] avg_loss: 9.7890
Train loss: 9.7725
  total: 9.7725
  ranking: 2.4864
  emb_reg: 0.0309
  cl_item: 5.6076
  cl_user: 0.8015
  pos_score: 2.8005
  synth_neg_score_mean: 0.5826
  modal_align: 0.3174
  modal_modal: 0.4339
  mae: 0.0948
  gate_alpha_mean: 0.5108
  gate_alpha_std: 0.1984
  omega_user: 0.4417
  omega_item: 0.2996

============================================================
Epoch 24/1000
============================================================
  [Step 1150] avg_loss: 9.7318
Train loss: 9.7200
  total: 9.7200
  ranking: 2.4304
  emb_reg: 0.0317
  cl_item: 5.6094
  cl_user: 0.8014
  pos_score: 2.8789
  synth_neg_score_mean: 0.5941
  modal_align: 0.3166
  modal_modal: 0.4337
  mae: 0.0969
  gate_alpha_mean: 0.5108
  gate_alpha_std: 0.1984
  omega_user: 0.4478
  omega_item: 0.3042
Val metrics: {'recall@20': 0.0791516296771838, 'ndcg@20': np.float64(0.03529039764014325), 'val_loss': 9.136802673339844, 'train_ce': 7.489889144897461, 'gen_gap': 1.6469135284423828}
[Best] Recall@20=0.0792 at epoch 24 — saved best checkpoint

============================================================
Epoch 25/1000
============================================================
  [Step 1200] avg_loss: 9.6794
Train loss: 9.6700
  total: 9.6700
  ranking: 2.3767
  emb_reg: 0.0325
  cl_item: 5.6121
  cl_user: 0.8015
  pos_score: 2.9606
  synth_neg_score_mean: 0.6094
  modal_align: 0.3159
  modal_modal: 0.4314
  mae: 0.0998
  gate_alpha_mean: 0.5108
  gate_alpha_std: 0.1984
  omega_user: 0.4546
  omega_item: 0.3093

============================================================
Epoch 26/1000
============================================================
  [Step 1250] avg_loss: 9.6259
Train loss: 9.6136
  total: 9.6136
  ranking: 2.3139
  emb_reg: 0.0334
  cl_item: 5.6143
  cl_user: 0.8013
  pos_score: 3.0533
  synth_neg_score_mean: 0.6231
  modal_align: 0.3152
  modal_modal: 0.4333
  mae: 0.1022
  gate_alpha_mean: 0.5108
  gate_alpha_std: 0.1984
  omega_user: 0.4613
  omega_item: 0.3143
Val metrics: {'recall@20': 0.07907123089924523, 'ndcg@20': np.float64(0.035531121329976975), 'val_loss': 9.16086196899414, 'train_ce': 7.371249675750732, 'gen_gap': 1.7896122932434082}
[EarlyStopping] No improvement for 1/15 evals (best=0.0792 at epoch 24)

============================================================
Epoch 27/1000
============================================================
  [Step 1300] avg_loss: 9.5743
Train loss: 9.5619
  total: 9.5619
  ranking: 2.2585
  emb_reg: 0.0342
  cl_item: 5.6161
  cl_user: 0.8013
  pos_score: 3.1318
  synth_neg_score_mean: 0.6349
  modal_align: 0.3145
  modal_modal: 0.4328
  mae: 0.1045
  gate_alpha_mean: 0.5108
  gate_alpha_std: 0.1984
  omega_user: 0.4675
  omega_item: 0.3190

============================================================
Epoch 28/1000
============================================================
  [Step 1350] avg_loss: 9.5227
Train loss: 9.5130
  total: 9.5130
  ranking: 2.2041
  emb_reg: 0.0350
  cl_item: 5.6182
  cl_user: 0.8012
  pos_score: 3.2139
  synth_neg_score_mean: 0.6470
  modal_align: 0.3137
  modal_modal: 0.4342
  mae: 0.1066
  gate_alpha_mean: 0.5108
  gate_alpha_std: 0.1984
  omega_user: 0.4734
  omega_item: 0.3235
Val metrics: {'recall@20': 0.08073971711720208, 'ndcg@20': np.float64(0.03617574832233797), 'val_loss': 9.12045669555664, 'train_ce': 7.257813930511475, 'gen_gap': 1.862642765045166}
[Best] Recall@20=0.0807 at epoch 28 — saved best checkpoint

============================================================
Epoch 29/1000
============================================================
  [Step 1400] avg_loss: 9.4810
Train loss: 9.4755
  total: 9.4755
  ranking: 2.1639
  emb_reg: 0.0356
  cl_item: 5.6197
  cl_user: 0.8012
  pos_score: 3.2758
  synth_neg_score_mean: 0.6581
  modal_align: 0.3130
  modal_modal: 0.4335
  mae: 0.1087
  gate_alpha_mean: 0.5108
  gate_alpha_std: 0.1984
  omega_user: 0.4788
  omega_item: 0.3276

============================================================
Epoch 30/1000
============================================================
  [Step 1450] avg_loss: 9.4409
Train loss: 9.4305
  total: 9.4305
  ranking: 2.1134
  emb_reg: 0.0364
  cl_item: 5.6222
  cl_user: 0.8013
  pos_score: 3.3551
  synth_neg_score_mean: 0.6696
  modal_align: 0.3123
  modal_modal: 0.4335
  mae: 0.1114
  gate_alpha_mean: 0.5108
  gate_alpha_std: 0.1984
  omega_user: 0.4848
  omega_item: 0.3322
Val metrics: {'recall@20': 0.08114255730982062, 'ndcg@20': np.float64(0.036372623659932164), 'val_loss': 9.111825942993164, 'train_ce': 7.164636611938477, 'gen_gap': 1.9471893310546875}
[Best] Recall@20=0.0811 at epoch 30 — saved best checkpoint
Checkpoint saved: /checkpoints/clothing_shuffle_llm/Clothing_epoch30.pt

============================================================
Epoch 31/1000
============================================================
  [Step 1500] avg_loss: 9.3946
Train loss: 9.3873
  total: 9.3873
  ranking: 2.0674
  emb_reg: 0.0371
  cl_item: 5.6239
  cl_user: 0.8012
  pos_score: 3.4290
  synth_neg_score_mean: 0.6822
  modal_align: 0.3116
  modal_modal: 0.4329
  mae: 0.1132
  gate_alpha_mean: 0.5108
  gate_alpha_std: 0.1984
  omega_user: 0.4904
  omega_item: 0.3365

============================================================
Epoch 32/1000
============================================================
  [Step 1550] avg_loss: 9.3512
Train loss: 9.3446
  total: 9.3446
  ranking: 2.0217
  emb_reg: 0.0378
  cl_item: 5.6257
  cl_user: 0.8012
  pos_score: 3.4970
  synth_neg_score_mean: 0.6916
  modal_align: 0.3110
  modal_modal: 0.4317
  mae: 0.1153
  gate_alpha_mean: 0.5108
  gate_alpha_std: 0.1984
  omega_user: 0.4961
  omega_item: 0.3410
Val metrics: {'recall@20': 0.08220974529908952, 'ndcg@20': np.float64(0.03685871845858752), 'val_loss': 9.066144943237305, 'train_ce': 7.068848133087158, 'gen_gap': 1.9972968101501465}
[Best] Recall@20=0.0822 at epoch 32 — saved best checkpoint

============================================================
Epoch 33/1000
============================================================
  [Step 1600] avg_loss: 9.3050
Train loss: 9.2986
  total: 9.2986
  ranking: 1.9725
  emb_reg: 0.0387
  cl_item: 5.6285
  cl_user: 0.8013
  pos_score: 3.5787
  synth_neg_score_mean: 0.7046
  modal_align: 0.3105
  modal_modal: 0.4297
  mae: 0.1175
  gate_alpha_mean: 0.5108
  gate_alpha_std: 0.1984
  omega_user: 0.5026
  omega_item: 0.3460

============================================================
Epoch 34/1000
============================================================
  [Step 1650] avg_loss: 9.2638
Train loss: 9.2571
  total: 9.2571
  ranking: 1.9258
  emb_reg: 0.0395
  cl_item: 5.6306
  cl_user: 0.8013
  pos_score: 3.6572
  synth_neg_score_mean: 0.7183
  modal_align: 0.3099
  modal_modal: 0.4291
  mae: 0.1208
  gate_alpha_mean: 0.5108
  gate_alpha_std: 0.1984
  omega_user: 0.5095
  omega_item: 0.3514
Val metrics: {'recall@20': 0.08274080038494695, 'ndcg@20': np.float64(0.03707617871080883), 'val_loss': 9.11048698425293, 'train_ce': 6.8913726806640625, 'gen_gap': 2.219114303588867}
[Best] Recall@20=0.0827 at epoch 34 — saved best checkpoint

============================================================
Epoch 35/1000
============================================================
  [Step 1700] avg_loss: 9.2144
Train loss: 9.2079
  total: 9.2079
  ranking: 1.8726
  emb_reg: 0.0404
  cl_item: 5.6327
  cl_user: 0.8013
  pos_score: 3.7424
  synth_neg_score_mean: 0.7297
  modal_align: 0.3094
  modal_modal: 0.4286
  mae: 0.1230
  gate_alpha_mean: 0.5108
  gate_alpha_std: 0.1984
  omega_user: 0.5161
  omega_item: 0.3566

============================================================
Epoch 36/1000
============================================================
  [Step 1750] avg_loss: 9.1708
Train loss: 9.1635
  total: 9.1635
  ranking: 1.8226
  emb_reg: 0.0412
  cl_item: 5.6346
  cl_user: 0.8013
  pos_score: 3.8233
  synth_neg_score_mean: 0.7412
  modal_align: 0.3088
  modal_modal: 0.4299
  mae: 0.1252
  gate_alpha_mean: 0.5108
  gate_alpha_std: 0.1984
  omega_user: 0.5225
  omega_item: 0.3616
Val metrics: {'recall@20': 0.08345888841737728, 'ndcg@20': np.float64(0.03748599893913123), 'val_loss': 9.052488327026367, 'train_ce': 6.793585777282715, 'gen_gap': 2.2589025497436523}
[Best] Recall@20=0.0835 at epoch 36 — saved best checkpoint

============================================================
Epoch 37/1000
============================================================
  [Step 1800] avg_loss: 9.1312
Train loss: 9.1253
  total: 9.1253
  ranking: 1.7802
  emb_reg: 0.0420
  cl_item: 5.6358
  cl_user: 0.8012
  pos_score: 3.8969
  synth_neg_score_mean: 0.7521
  modal_align: 0.3082
  modal_modal: 0.4310
  mae: 0.1269
  gate_alpha_mean: 0.5108
  gate_alpha_std: 0.1984
  omega_user: 0.5279
  omega_item: 0.3659

============================================================
Epoch 38/1000
============================================================
  [Step 1850] avg_loss: 9.0912
Train loss: 9.0871
  total: 9.0871
  ranking: 1.7389
  emb_reg: 0.0426
  cl_item: 5.6379
  cl_user: 0.8012
  pos_score: 3.9675
  synth_neg_score_mean: 0.7613
  modal_align: 0.3076
  modal_modal: 0.4299
  mae: 0.1289
  gate_alpha_mean: 0.5108
  gate_alpha_std: 0.1984
  omega_user: 0.5336
  omega_item: 0.3704
Val metrics: {'recall@20': 0.0835130518046201, 'ndcg@20': np.float64(0.03752169859139119), 'val_loss': 9.077322959899902, 'train_ce': 6.707607269287109, 'gen_gap': 2.369715690612793}
[Best] Recall@20=0.0835 at epoch 38 — saved best checkpoint
[EarlyStopping] No improvement for 1/15 evals (best=0.0835 at epoch 38)

============================================================
Epoch 39/1000
============================================================
  [Step 1900] avg_loss: 9.0597
Train loss: 9.0546
  total: 9.0546
  ranking: 1.7032
  emb_reg: 0.0433
  cl_item: 5.6396
  cl_user: 0.8012
  pos_score: 4.0301
  synth_neg_score_mean: 0.7706
  modal_align: 0.3071
  modal_modal: 0.4287
  mae: 0.1314
  gate_alpha_mean: 0.5108
  gate_alpha_std: 0.1984
  omega_user: 0.5394
  omega_item: 0.3750

============================================================
Epoch 40/1000
============================================================
  [Step 1950] avg_loss: 9.0186
Train loss: 9.0148
  total: 9.0148
  ranking: 1.6602
  emb_reg: 0.0441
  cl_item: 5.6413
  cl_user: 0.8013
  pos_score: 4.1047
  synth_neg_score_mean: 0.7810
  modal_align: 0.3065
  modal_modal: 0.4285
  mae: 0.1330
  gate_alpha_mean: 0.5108
  gate_alpha_std: 0.1984
  omega_user: 0.5452
  omega_item: 0.3797
Val metrics: {'recall@20': 0.08385157297488778, 'ndcg@20': np.float64(0.03778169190983313), 'val_loss': 9.093183517456055, 'train_ce': 6.5879950523376465, 'gen_gap': 2.505188465118408}
[Best] Recall@20=0.0839 at epoch 40 — saved best checkpoint
Checkpoint saved: /checkpoints/clothing_shuffle_llm/Clothing_epoch40.pt

============================================================
Epoch 41/1000
============================================================
  [Step 2000] avg_loss: 8.9863
Train loss: 8.9835
  total: 8.9835
  ranking: 1.6230
  emb_reg: 0.0448
  cl_item: 5.6432
  cl_user: 0.8013
  pos_score: 4.1735
  synth_neg_score_mean: 0.7921
  modal_align: 0.3060
  modal_modal: 0.4293
  mae: 0.1357
  gate_alpha_mean: 0.5108
  gate_alpha_std: 0.1984
  omega_user: 0.5510
  omega_item: 0.3843

============================================================
Epoch 42/1000
============================================================
  [Step 2050] avg_loss: 8.9595
Train loss: 8.9566
  total: 8.9566
  ranking: 1.5922
  emb_reg: 0.0455
  cl_item: 5.6446
  cl_user: 0.8013
  pos_score: 4.2319
  synth_neg_score_mean: 0.8001
  modal_align: 0.3055
  modal_modal: 0.4303
  mae: 0.1373
  gate_alpha_mean: 0.5108
  gate_alpha_std: 0.1984
  omega_user: 0.5568
  omega_item: 0.3889
Val metrics: {'recall@20': 0.08530806030996452, 'ndcg@20': np.float64(0.0381774258002363), 'val_loss': 9.0880765914917, 'train_ce': 6.527668476104736, 'gen_gap': 2.560408115386963}
[Best] Recall@20=0.0853 at epoch 42 — saved best checkpoint

============================================================
Epoch 43/1000
============================================================
  [Step 2100] avg_loss: 8.9241
Train loss: 8.9208
  total: 8.9208
  ranking: 1.5531
  emb_reg: 0.0462
  cl_item: 5.6460
  cl_user: 0.8013
  pos_score: 4.2997
  synth_neg_score_mean: 0.8092
  modal_align: 0.3050
  modal_modal: 0.4306
  mae: 0.1388
  gate_alpha_mean: 0.5108
  gate_alpha_std: 0.1984
  omega_user: 0.5622
  omega_item: 0.3933

============================================================
Epoch 44/1000
============================================================
  [Step 2150] avg_loss: 8.8903
Train loss: 8.8901
  total: 8.8901
  ranking: 1.5194
  emb_reg: 0.0468
  cl_item: 5.6472
  cl_user: 0.8013
  pos_score: 4.3599
  synth_neg_score_mean: 0.8200
  modal_align: 0.3044
  modal_modal: 0.4301
  mae: 0.1408
  gate_alpha_mean: 0.5108
  gate_alpha_std: 0.1984
  omega_user: 0.5672
  omega_item: 0.3973
Val metrics: {'recall@20': 0.08450322622765308, 'ndcg@20': np.float64(0.038120312237813515), 'val_loss': 9.054616928100586, 'train_ce': 6.423864364624023, 'gen_gap': 2.6307525634765625}
[EarlyStopping] No improvement for 1/15 evals (best=0.0853 at epoch 42)

============================================================
Epoch 45/1000
============================================================
  [Step 2200] avg_loss: 8.8616
Train loss: 8.8605
  total: 8.8605
  ranking: 1.4861
  emb_reg: 0.0475
  cl_item: 5.6489
  cl_user: 0.8013
  pos_score: 4.4268
  synth_neg_score_mean: 0.8285
  modal_align: 0.3040
  modal_modal: 0.4303
  mae: 0.1425
  gate_alpha_mean: 0.5108
  gate_alpha_std: 0.1984
  omega_user: 0.5724
  omega_item: 0.4016

============================================================
Epoch 46/1000
============================================================
  [Step 2250] avg_loss: 8.8355
Train loss: 8.8333
  total: 8.8333
  ranking: 1.4573
  emb_reg: 0.0481
  cl_item: 5.6507
  cl_user: 0.8014
  pos_score: 4.4798
  synth_neg_score_mean: 0.8355
  modal_align: 0.3035
  modal_modal: 0.4277
  mae: 0.1445
  gate_alpha_mean: 0.5108
  gate_alpha_std: 0.1984
  omega_user: 0.5780
  omega_item: 0.4061
Val metrics: {'recall@20': 0.08570074486747502, 'ndcg@20': np.float64(0.03831706973530587), 'val_loss': 9.041842460632324, 'train_ce': 6.318857192993164, 'gen_gap': 2.72298526763916}
[Best] Recall@20=0.0857 at epoch 46 — saved best checkpoint

============================================================
Epoch 47/1000
============================================================
  [Step 2300] avg_loss: 8.8072
Train loss: 8.8064
  total: 8.8064
  ranking: 1.4252
  emb_reg: 0.0489
  cl_item: 5.6525
  cl_user: 0.8015
  pos_score: 4.5461
  synth_neg_score_mean: 0.8465
  modal_align: 0.3031
  modal_modal: 0.4285
  mae: 0.1467
  gate_alpha_mean: 0.5108
  gate_alpha_std: 0.1984
  omega_user: 0.5840
  omega_item: 0.4110

============================================================
Epoch 48/1000
============================================================
  [Step 2350] avg_loss: 8.7686
Train loss: 8.7682
  total: 8.7682
  ranking: 1.3851
  emb_reg: 0.0496
  cl_item: 5.6539
  cl_user: 0.8015
  pos_score: 4.6222
  synth_neg_score_mean: 0.8554
  modal_align: 0.3027
  modal_modal: 0.4277
  mae: 0.1477
  gate_alpha_mean: 0.5108
  gate_alpha_std: 0.1984
  omega_user: 0.5899
  omega_item: 0.4158
Val metrics: {'recall@20': 0.08538211181596056, 'ndcg@20': np.float64(0.03839434003845285), 'val_loss': 9.059347152709961, 'train_ce': 6.188014984130859, 'gen_gap': 2.8713321685791016}
[EarlyStopping] No improvement for 1/15 evals (best=0.0857 at epoch 46)

============================================================
Epoch 49/1000
============================================================
  [Step 2400] avg_loss: 8.7477
Train loss: 8.7471
  total: 8.7471
  ranking: 1.3591
  emb_reg: 0.0503
  cl_item: 5.6548
  cl_user: 0.8015
  pos_score: 4.6780
  synth_neg_score_mean: 0.8650
  modal_align: 0.3022
  modal_modal: 0.4289
  mae: 0.1503
  gate_alpha_mean: 0.5108
  gate_alpha_std: 0.1984
  omega_user: 0.5955
  omega_item: 0.4203

============================================================
Epoch 50/1000
============================================================
  [Step 2450] avg_loss: 8.7180
Train loss: 8.7180
  total: 8.7180
  ranking: 1.3267
  emb_reg: 0.0510
  cl_item: 5.6566
  cl_user: 0.8015
  pos_score: 4.7439
  synth_neg_score_mean: 0.8730
  modal_align: 0.3018
  modal_modal: 0.4292
  mae: 0.1514
  gate_alpha_mean: 0.5108
  gate_alpha_std: 0.1984
  omega_user: 0.6009
  omega_item: 0.4248
Val metrics: {'recall@20': 0.08635536018048015, 'ndcg@20': np.float64(0.03873531437398477), 'val_loss': 9.064064025878906, 'train_ce': 6.102540969848633, 'gen_gap': 2.9615230560302734}
[Best] Recall@20=0.0864 at epoch 50 — saved best checkpoint
Checkpoint saved: /checkpoints/clothing_shuffle_llm/Clothing_epoch50.pt

============================================================
Epoch 51/1000
============================================================
Train loss: 8.6931
  total: 8.6931
  ranking: 1.2978
  emb_reg: 0.0516
  cl_item: 5.6580
  cl_user: 0.8016
  pos_score: 4.8026
  synth_neg_score_mean: 0.8818
  modal_align: 0.3014
  modal_modal: 0.4294
  mae: 0.1534
  gate_alpha_mean: 0.5108
  gate_alpha_std: 0.1984
  omega_user: 0.6065
  omega_item: 0.4294

============================================================
Epoch 52/1000
============================================================
  [Step 2500] avg_loss: 8.6630
Train loss: 8.6647
  total: 8.6647
  ranking: 1.2674
  emb_reg: 0.0523
  cl_item: 5.6589
  cl_user: 0.8015
  pos_score: 4.8673
  synth_neg_score_mean: 0.8905
  modal_align: 0.3010
  modal_modal: 0.4289
  mae: 0.1547
  gate_alpha_mean: 0.5108
  gate_alpha_std: 0.1984
  omega_user: 0.6121
  omega_item: 0.4340
Val metrics: {'recall@20': 0.08636509266412534, 'ndcg@20': np.float64(0.03876822019395701), 'val_loss': 9.047489166259766, 'train_ce': 6.043822288513184, 'gen_gap': 3.003666877746582}
[Best] Recall@20=0.0864 at epoch 52 — saved best checkpoint
[EarlyStopping] No improvement for 1/15 evals (best=0.0864 at epoch 52)

============================================================
Epoch 53/1000
============================================================
  [Step 2550] avg_loss: 8.6606
Train loss: 8.6397
  total: 8.6397
  ranking: 1.2379
  emb_reg: 0.0530
  cl_item: 5.6597
  cl_user: 0.8015
  pos_score: 4.9312
  synth_neg_score_mean: 0.8986
  modal_align: 0.3006
  modal_modal: 0.4308
  mae: 0.1564
  gate_alpha_mean: 0.5108
  gate_alpha_std: 0.1984
  omega_user: 0.6171
  omega_item: 0.4381

============================================================
Epoch 54/1000
============================================================
  [Step 2600] avg_loss: 8.6295
Train loss: 8.6209
  total: 8.6209
  ranking: 1.2173
  emb_reg: 0.0534
  cl_item: 5.6610
  cl_user: 0.8016
  pos_score: 4.9705
  synth_neg_score_mean: 0.9038
  modal_align: 0.3002
  modal_modal: 0.4302
  mae: 0.1572
  gate_alpha_mean: 0.5108
  gate_alpha_std: 0.1984
  omega_user: 0.6218
  omega_item: 0.4420
Val metrics: {'recall@20': 0.08661052051256941, 'ndcg@20': np.float64(0.03886071785489104), 'val_loss': 9.052364349365234, 'train_ce': 5.91859769821167, 'gen_gap': 3.1337666511535645}
[Best] Recall@20=0.0866 at epoch 54 — saved best checkpoint

============================================================
Epoch 55/1000
============================================================
  [Step 2650] avg_loss: 8.6060
Train loss: 8.6077
  total: 8.6077
  ranking: 1.2001
  emb_reg: 0.0540
  cl_item: 5.6637
  cl_user: 0.8018
  pos_score: 5.0155
  synth_neg_score_mean: 0.9134
  modal_align: 0.2998
  modal_modal: 0.4286
  mae: 0.1596
  gate_alpha_mean: 0.5108
  gate_alpha_std: 0.1984
  omega_user: 0.6275
  omega_item: 0.4467

============================================================
Epoch 56/1000
============================================================
  [Step 2700] avg_loss: 8.5836
Train loss: 8.5771
  total: 8.5771
  ranking: 1.1674
  emb_reg: 0.0547
  cl_item: 5.6643
  cl_user: 0.8018
  pos_score: 5.0882
  synth_neg_score_mean: 0.9219
  modal_align: 0.2995
  modal_modal: 0.4283
  mae: 0.1611
  gate_alpha_mean: 0.5108
  gate_alpha_std: 0.1984
  omega_user: 0.6335
  omega_item: 0.4516
Val metrics: {'recall@20': 0.0867361964970313, 'ndcg@20': np.float64(0.03890886298870755), 'val_loss': 9.102733612060547, 'train_ce': 5.8022074699401855, 'gen_gap': 3.3005261421203613}
[Best] Recall@20=0.0867 at epoch 56 — saved best checkpoint

============================================================
Epoch 57/1000
============================================================
  [Step 2750] avg_loss: 8.5685
Train loss: 8.5544
  total: 8.5544
  ranking: 1.1427
  emb_reg: 0.0554
  cl_item: 5.6657
  cl_user: 0.8018
  pos_score: 5.1465
  synth_neg_score_mean: 0.9309
  modal_align: 0.2991
  modal_modal: 0.4270
  mae: 0.1627
  gate_alpha_mean: 0.5108
  gate_alpha_std: 0.1984
  omega_user: 0.6393
  omega_item: 0.4565

============================================================
Epoch 58/1000
============================================================
  [Step 2800] avg_loss: 8.5411
Train loss: 8.5306
  total: 8.5306
  ranking: 1.1137
  emb_reg: 0.0561
  cl_item: 5.6666
  cl_user: 0.8018
  pos_score: 5.2099
  synth_neg_score_mean: 0.9382
  modal_align: 0.2988
  modal_modal: 0.4291
  mae: 0.1645
  gate_alpha_mean: 0.5108
  gate_alpha_std: 0.1984
  omega_user: 0.6451
  omega_item: 0.4613
Val metrics: {'recall@20': 0.0875604955466331, 'ndcg@20': np.float64(0.03919468704568562), 'val_loss': 9.037878036499023, 'train_ce': 5.78105354309082, 'gen_gap': 3.256824493408203}
[Best] Recall@20=0.0876 at epoch 58 — saved best checkpoint

============================================================
Epoch 59/1000
============================================================
  [Step 2850] avg_loss: 8.5187
Train loss: 8.5071
  total: 8.5071
  ranking: 1.0897
  emb_reg: 0.0567
  cl_item: 5.6663
  cl_user: 0.8017
  pos_score: 5.2664
  synth_neg_score_mean: 0.9464
  modal_align: 0.2984
  modal_modal: 0.4290
  mae: 0.1653
  gate_alpha_mean: 0.5108
  gate_alpha_std: 0.1984
  omega_user: 0.6498
  omega_item: 0.4652

============================================================
Epoch 60/1000
============================================================
  [Step 2900] avg_loss: 8.4901
Train loss: 8.4873
  total: 8.4873
  ranking: 1.0678
  emb_reg: 0.0573
  cl_item: 5.6678
  cl_user: 0.8017
  pos_score: 5.3165
  synth_neg_score_mean: 0.9536
  modal_align: 0.2981
  modal_modal: 0.4279
  mae: 0.1667
  gate_alpha_mean: 0.5108
  gate_alpha_std: 0.1984
  omega_user: 0.6548
  omega_item: 0.4694
Val metrics: {'recall@20': 0.087412392534641, 'ndcg@20': np.float64(0.039287360821572186), 'val_loss': 9.077828407287598, 'train_ce': 5.658856391906738, 'gen_gap': 3.4189720153808594}
[EarlyStopping] No improvement for 1/15 evals (best=0.0876 at epoch 58)
Checkpoint saved: /checkpoints/clothing_shuffle_llm/Clothing_epoch60.pt

============================================================
Epoch 61/1000
============================================================
  [Step 2950] avg_loss: 8.4745
Train loss: 8.4703
  total: 8.4703
  ranking: 1.0479
  emb_reg: 0.0579
  cl_item: 5.6698
  cl_user: 0.8019
  pos_score: 5.3719
  synth_neg_score_mean: 0.9609
  modal_align: 0.2977
  modal_modal: 0.4266
  mae: 0.1685
  gate_alpha_mean: 0.5108
  gate_alpha_std: 0.1984
  omega_user: 0.6604
  omega_item: 0.4741

============================================================
Epoch 62/1000
============================================================
  [Step 3000] avg_loss: 8.4597
Train loss: 8.4510
  total: 8.4510
  ranking: 1.0246
  emb_reg: 0.0585
  cl_item: 5.6711
  cl_user: 0.8019
  pos_score: 5.4308
  synth_neg_score_mean: 0.9686
  modal_align: 0.2974
  modal_modal: 0.4274
  mae: 0.1699
  gate_alpha_mean: 0.5108
  gate_alpha_std: 0.1984
  omega_user: 0.6663
  omega_item: 0.4791
Val metrics: {'recall@20': 0.08718443479659112, 'ndcg@20': np.float64(0.03919688910017686), 'val_loss': 9.065792083740234, 'train_ce': 5.575003623962402, 'gen_gap': 3.490788459777832}
[EarlyStopping] No improvement for 2/15 evals (best=0.0876 at epoch 58)

============================================================
Epoch 63/1000
============================================================
  [Step 3050] avg_loss: 8.4420
Train loss: 8.4295
  total: 8.4295
  ranking: 1.0027
  emb_reg: 0.0592
  cl_item: 5.6715
  cl_user: 0.8019
  pos_score: 5.4848
  synth_neg_score_mean: 0.9776
  modal_align: 0.2971
  modal_modal: 0.4260
  mae: 0.1711
  gate_alpha_mean: 0.5108
  gate_alpha_std: 0.1984
  omega_user: 0.6719
  omega_item: 0.4837

============================================================
Epoch 64/1000
============================================================
  [Step 3100] avg_loss: 8.4226
Train loss: 8.4133
  total: 8.4133
  ranking: 0.9833
  emb_reg: 0.0598
  cl_item: 5.6731
  cl_user: 0.8020
  pos_score: 5.5381
  synth_neg_score_mean: 0.9853
  modal_align: 0.2968
  modal_modal: 0.4253
  mae: 0.1729
  gate_alpha_mean: 0.5108
  gate_alpha_std: 0.1984
  omega_user: 0.6778
  omega_item: 0.4887
Val metrics: {'recall@20': 0.08777926485291862, 'ndcg@20': np.float64(0.03927697739145422), 'val_loss': 9.028255462646484, 'train_ce': 5.543797016143799, 'gen_gap': 3.4844584465026855}
[Best] Recall@20=0.0878 at epoch 64 — saved best checkpoint

============================================================
Epoch 65/1000
============================================================
  [Step 3150] avg_loss: 8.3999
Train loss: 8.3942
  total: 8.3942
  ranking: 0.9610
  emb_reg: 0.0604
  cl_item: 5.6740
  cl_user: 0.8020
  pos_score: 5.5977
  synth_neg_score_mean: 0.9933
  modal_align: 0.2965
  modal_modal: 0.4260
  mae: 0.1742
  gate_alpha_mean: 0.5108
  gate_alpha_std: 0.1984
  omega_user: 0.6837
  omega_item: 0.4936

============================================================
Epoch 66/1000
============================================================
  [Step 3200] avg_loss: 8.3855
Train loss: 8.3793
  total: 8.3793
  ranking: 0.9430
  emb_reg: 0.0611
  cl_item: 5.6747
  cl_user: 0.8021
  pos_score: 5.6473
  synth_neg_score_mean: 1.0012
  modal_align: 0.2962
  modal_modal: 0.4267
  mae: 0.1757
  gate_alpha_mean: 0.5108
  gate_alpha_std: 0.1984
  omega_user: 0.6890
  omega_item: 0.4982
Val metrics: {'recall@20': 0.08754060742787986, 'ndcg@20': np.float64(0.03929242984230043), 'val_loss': 9.057205200195312, 'train_ce': 5.433972358703613, 'gen_gap': 3.623232841491699}
[EarlyStopping] No improvement for 1/15 evals (best=0.0878 at epoch 64)

============================================================
Epoch 67/1000
============================================================
  [Step 3250] avg_loss: 8.3722
Train loss: 8.3656
  total: 8.3656
  ranking: 0.9266
  emb_reg: 0.0616
  cl_item: 5.6754
  cl_user: 0.8020
  pos_score: 5.6915
  synth_neg_score_mean: 1.0068
  modal_align: 0.2959
  modal_modal: 0.4270
  mae: 0.1771
  gate_alpha_mean: 0.5108
  gate_alpha_std: 0.1984
  omega_user: 0.6943
  omega_item: 0.5026

============================================================
Epoch 68/1000
============================================================
  [Step 3300] avg_loss: 8.3451
Train loss: 8.3441
  total: 8.3441
  ranking: 0.9041
  emb_reg: 0.0622
  cl_item: 5.6756
  cl_user: 0.8020
  pos_score: 5.7525
  synth_neg_score_mean: 1.0146
  modal_align: 0.2956
  modal_modal: 0.4271
  mae: 0.1775
  gate_alpha_mean: 0.5108
  gate_alpha_std: 0.1984
  omega_user: 0.6992
  omega_item: 0.5068
Val metrics: {'recall@20': 0.08796672095095434, 'ndcg@20': np.float64(0.039274324665754624), 'val_loss': 9.087992668151855, 'train_ce': 5.313002109527588, 'gen_gap': 3.7749905586242676}
[Best] Recall@20=0.0880 at epoch 68 — saved best checkpoint

============================================================
Epoch 69/1000
============================================================
  [Step 3350] avg_loss: 8.3386
Train loss: 8.3294
  total: 8.3294
  ranking: 0.8869
  emb_reg: 0.0627
  cl_item: 5.6767
  cl_user: 0.8020
  pos_score: 5.7946
  synth_neg_score_mean: 1.0215
  modal_align: 0.2954
  modal_modal: 0.4270
  mae: 0.1787
  gate_alpha_mean: 0.5108
  gate_alpha_std: 0.1984
  omega_user: 0.7040
  omega_item: 0.5108

============================================================
Epoch 70/1000
============================================================
  [Step 3400] avg_loss: 8.3206
Train loss: 8.3152
  total: 8.3152
  ranking: 0.8706
  emb_reg: 0.0632
  cl_item: 5.6772
  cl_user: 0.8021
  pos_score: 5.8369
  synth_neg_score_mean: 1.0269
  modal_align: 0.2951
  modal_modal: 0.4274
  mae: 0.1796
  gate_alpha_mean: 0.5108
  gate_alpha_std: 0.1984
  omega_user: 0.7089
  omega_item: 0.5150
Val metrics: {'recall@20': 0.08816983365311494, 'ndcg@20': np.float64(0.039426477188122644), 'val_loss': 9.114603996276855, 'train_ce': 5.278606414794922, 'gen_gap': 3.8359975814819336}
[Best] Recall@20=0.0882 at epoch 70 — saved best checkpoint
Checkpoint saved: /checkpoints/clothing_shuffle_llm/Clothing_epoch70.pt

============================================================
Epoch 71/1000
============================================================
  [Step 3450] avg_loss: 8.3098
Train loss: 8.3001
  total: 8.3001
  ranking: 0.8549
  emb_reg: 0.0638
  cl_item: 5.6783
  cl_user: 0.8021
  pos_score: 5.8877
  synth_neg_score_mean: 1.0331
  modal_align: 0.2948
  modal_modal: 0.4254
  mae: 0.1808
  gate_alpha_mean: 0.5108
  gate_alpha_std: 0.1984
  omega_user: 0.7138
  omega_item: 0.5191

============================================================
Epoch 72/1000
============================================================
  [Step 3500] avg_loss: 8.3006
Train loss: 8.2921
  total: 8.2921
  ranking: 0.8440
  emb_reg: 0.0643
  cl_item: 5.6802
  cl_user: 0.8024
  pos_score: 5.9236
  synth_neg_score_mean: 1.0421
  modal_align: 0.2946
  modal_modal: 0.4246
  mae: 0.1819
  gate_alpha_mean: 0.5108
  gate_alpha_std: 0.1984
  omega_user: 0.7195
  omega_item: 0.5240
Val metrics: {'recall@20': 0.08747374949675202, 'ndcg@20': np.float64(0.03933068762540338), 'val_loss': 9.12228012084961, 'train_ce': 5.248522758483887, 'gen_gap': 3.8737573623657227}
[EarlyStopping] No improvement for 1/15 evals (best=0.0882 at epoch 70)

============================================================
Epoch 73/1000
============================================================
  [Step 3550] avg_loss: 8.2750
Train loss: 8.2735
  total: 8.2735
  ranking: 0.8218
  emb_reg: 0.0649
  cl_item: 5.6800
  cl_user: 0.8022
  pos_score: 5.9840
  synth_neg_score_mean: 1.0487
  modal_align: 0.2943
  modal_modal: 0.4266
  mae: 0.1835
  gate_alpha_mean: 0.5108
  gate_alpha_std: 0.1984
  omega_user: 0.7250
  omega_item: 0.5287

============================================================
Epoch 74/1000
============================================================
  [Step 3600] avg_loss: 8.2629
Train loss: 8.2589
  total: 8.2589
  ranking: 0.8058
  emb_reg: 0.0655
  cl_item: 5.6804
  cl_user: 0.8022
  pos_score: 6.0363
  synth_neg_score_mean: 1.0551
  modal_align: 0.2941
  modal_modal: 0.4263
  mae: 0.1847
  gate_alpha_mean: 0.5108
  gate_alpha_std: 0.1984
  omega_user: 0.7300
  omega_item: 0.5329
Val metrics: {'recall@20': 0.0876959040147402, 'ndcg@20': np.float64(0.039415124421347876), 'val_loss': 9.115179061889648, 'train_ce': 5.151068687438965, 'gen_gap': 3.9641103744506836}
[EarlyStopping] No improvement for 2/15 evals (best=0.0882 at epoch 70)

============================================================
Epoch 75/1000
============================================================
  [Step 3650] avg_loss: 8.2511
Train loss: 8.2511
  total: 8.2511
  ranking: 0.7965
  emb_reg: 0.0659
  cl_item: 5.6817
  cl_user: 0.8023
  pos_score: 6.0657
  synth_neg_score_mean: 1.0605
  modal_align: 0.2939
  modal_modal: 0.4251
  mae: 0.1856
  gate_alpha_mean: 0.5108
  gate_alpha_std: 0.1984
  omega_user: 0.7351
  omega_item: 0.5373

============================================================
Epoch 76/1000
============================================================
  [Step 3700] avg_loss: 8.2394
Train loss: 8.2347
  total: 8.2347
  ranking: 0.7766
  emb_reg: 0.0665
  cl_item: 5.6816
  cl_user: 0.8023
  pos_score: 6.1202
  synth_neg_score_mean: 1.0674
  modal_align: 0.2936
  modal_modal: 0.4274
  mae: 0.1866
  gate_alpha_mean: 0.5108
  gate_alpha_std: 0.1984
  omega_user: 0.7402
  omega_item: 0.5417
Val metrics: {'recall@20': 0.08780169188044883, 'ndcg@20': np.float64(0.03938377667090778), 'val_loss': 9.17340087890625, 'train_ce': 5.091569423675537, 'gen_gap': 4.081831455230713}
[EarlyStopping] No improvement for 3/15 evals (best=0.0882 at epoch 70)

============================================================
Epoch 77/1000
============================================================
  [Step 3750] avg_loss: 8.2283
Train loss: 8.2245
  total: 8.2245
  ranking: 0.7667
  emb_reg: 0.0670
  cl_item: 5.6813
  cl_user: 0.8021
  pos_score: 6.1568
  synth_neg_score_mean: 1.0727
  modal_align: 0.2934
  modal_modal: 0.4268
  mae: 0.1872
  gate_alpha_mean: 0.5108
  gate_alpha_std: 0.1984
  omega_user: 0.7443
  omega_item: 0.5452

============================================================
Epoch 78/1000
============================================================
  [Step 3800] avg_loss: 8.2192
Train loss: 8.2166
  total: 8.2166
  ranking: 0.7557
  emb_reg: 0.0674
  cl_item: 5.6839
  cl_user: 0.8025
  pos_score: 6.1940
  synth_neg_score_mean: 1.0785
  modal_align: 0.2932
  modal_modal: 0.4253
  mae: 0.1885
  gate_alpha_mean: 0.5108
  gate_alpha_std: 0.1984
  omega_user: 0.7493
  omega_item: 0.5495
Val metrics: {'recall@20': 0.0883610981143162, 'ndcg@20': np.float64(0.03960282679219696), 'val_loss': 9.173530578613281, 'train_ce': 5.069766998291016, 'gen_gap': 4.103763580322266}
[Best] Recall@20=0.0884 at epoch 78 — saved best checkpoint

============================================================
Epoch 79/1000
============================================================
  [Step 3850] avg_loss: 8.2083
Train loss: 8.2057
  total: 8.2057
  ranking: 0.7432
  emb_reg: 0.0680
  cl_item: 5.6853
  cl_user: 0.8026
  pos_score: 6.2407
  synth_neg_score_mean: 1.0871
  modal_align: 0.2930
  modal_modal: 0.4242
  mae: 0.1893
  gate_alpha_mean: 0.5108
  gate_alpha_std: 0.1984
  omega_user: 0.7555
  omega_item: 0.5549

============================================================
Epoch 80/1000
============================================================
  [Step 3900] avg_loss: 8.1942
Train loss: 8.1907
  total: 8.1907
  ranking: 0.7271
  emb_reg: 0.0686
  cl_item: 5.6858
  cl_user: 0.8027
  pos_score: 6.2981
  synth_neg_score_mean: 1.0936
  modal_align: 0.2928
  modal_modal: 0.4231
  mae: 0.1907
  gate_alpha_mean: 0.5108
  gate_alpha_std: 0.1984
  omega_user: 0.7616
  omega_item: 0.5602
Val metrics: {'recall@20': 0.08810847669100394, 'ndcg@20': np.float64(0.03944753318128755), 'val_loss': 9.23093032836914, 'train_ce': 4.993430137634277, 'gen_gap': 4.237500190734863}
[EarlyStopping] No improvement for 1/15 evals (best=0.0884 at epoch 78)
Checkpoint saved: /checkpoints/clothing_shuffle_llm/Clothing_epoch80.pt

============================================================
Epoch 81/1000
============================================================
  [Step 3950] avg_loss: 8.1771
Train loss: 8.1725
  total: 8.1725
  ranking: 0.7070
  emb_reg: 0.0693
  cl_item: 5.6860
  cl_user: 0.8026
  pos_score: 6.3520
  synth_neg_score_mean: 1.1014
  modal_align: 0.2926
  modal_modal: 0.4230
  mae: 0.1921
  gate_alpha_mean: 0.5108
  gate_alpha_std: 0.1984
  omega_user: 0.7676
  omega_item: 0.5654

============================================================
Epoch 82/1000
============================================================
  [Step 4000] avg_loss: 8.1623
Train loss: 8.1635
  total: 8.1635
  ranking: 0.6957
  emb_reg: 0.0698
  cl_item: 5.6864
  cl_user: 0.8026
  pos_score: 6.3980
  synth_neg_score_mean: 1.1079
  modal_align: 0.2924
  modal_modal: 0.4239
  mae: 0.1928
  gate_alpha_mean: 0.5108
  gate_alpha_std: 0.1984
  omega_user: 0.7730
  omega_item: 0.5701
Val metrics: {'recall@20': 0.08813598153608818, 'ndcg@20': np.float64(0.03945375615260062), 'val_loss': 9.144579887390137, 'train_ce': 4.890903949737549, 'gen_gap': 4.253675937652588}
[EarlyStopping] No improvement for 2/15 evals (best=0.0884 at epoch 78)

============================================================
Epoch 83/1000
============================================================
  [Step 4050] avg_loss: 8.1521
Train loss: 8.1506
  total: 8.1506
  ranking: 0.6816
  emb_reg: 0.0704
  cl_item: 5.6859
  cl_user: 0.8025
  pos_score: 6.4430
  synth_neg_score_mean: 1.1150
  modal_align: 0.2922
  modal_modal: 0.4241
  mae: 0.1940
  gate_alpha_mean: 0.5108
  gate_alpha_std: 0.1984
  omega_user: 0.7780
  omega_item: 0.5743

============================================================
Epoch 84/1000
============================================================
  [Step 4100] avg_loss: 8.1462
Train loss: 8.1434
  total: 8.1434
  ranking: 0.6718
  emb_reg: 0.0708
  cl_item: 5.6865
  cl_user: 0.8025
  pos_score: 6.4841
  synth_neg_score_mean: 1.1215
  modal_align: 0.2920
  modal_modal: 0.4254
  mae: 0.1945
  gate_alpha_mean: 0.5108
  gate_alpha_std: 0.1984
  omega_user: 0.7827
  omega_item: 0.5785
Val metrics: {'recall@20': 0.08797306822289686, 'ndcg@20': np.float64(0.039607907414331886), 'val_loss': 9.19795036315918, 'train_ce': 4.842135429382324, 'gen_gap': 4.3558149337768555}
[EarlyStopping] No improvement for 3/15 evals (best=0.0884 at epoch 78)

============================================================
Epoch 85/1000
============================================================
  [Step 4150] avg_loss: 8.1325
Train loss: 8.1317
  total: 8.1317
  ranking: 0.6589
  emb_reg: 0.0713
  cl_item: 5.6872
  cl_user: 0.8025
  pos_score: 6.5200
  synth_neg_score_mean: 1.1258
  modal_align: 0.2918
  modal_modal: 0.4244
  mae: 0.1955
  gate_alpha_mean: 0.5108
  gate_alpha_std: 0.1984
  omega_user: 0.7874
  omega_item: 0.5825

============================================================
Epoch 86/1000
============================================================
  [Step 4200] avg_loss: 8.1266
Train loss: 8.1247
  total: 8.1247
  ranking: 0.6507
  emb_reg: 0.0718
  cl_item: 5.6876
  cl_user: 0.8025
  pos_score: 6.5664
  synth_neg_score_mean: 1.1314
  modal_align: 0.2916
  modal_modal: 0.4241
  mae: 0.1965
  gate_alpha_mean: 0.5108
  gate_alpha_std: 0.1984
  omega_user: 0.7920
  omega_item: 0.5866
Val metrics: {'recall@20': 0.08812751850683148, 'ndcg@20': np.float64(0.03960453009916746), 'val_loss': 9.255439758300781, 'train_ce': 4.771262168884277, 'gen_gap': 4.484177589416504}
[EarlyStopping] No improvement for 4/15 evals (best=0.0884 at epoch 78)

============================================================
Epoch 87/1000
============================================================
  [Step 4250] avg_loss: 8.1213
Train loss: 8.1174
  total: 8.1174
  ranking: 0.6416
  emb_reg: 0.0722
  cl_item: 5.6876
  cl_user: 0.8025
  pos_score: 6.5921
  synth_neg_score_mean: 1.1357
  modal_align: 0.2914
  modal_modal: 0.4249
  mae: 0.1972
  gate_alpha_mean: 0.5108
  gate_alpha_std: 0.1984
  omega_user: 0.7968
  omega_item: 0.5907

============================================================
Epoch 88/1000
============================================================
  [Step 4300] avg_loss: 8.1072
Train loss: 8.1048
  total: 8.1048
  ranking: 0.6263
  emb_reg: 0.0727
  cl_item: 5.6876
  cl_user: 0.8025
  pos_score: 6.6476
  synth_neg_score_mean: 1.1424
  modal_align: 0.2912
  modal_modal: 0.4267
  mae: 0.1977
  gate_alpha_mean: 0.5108
  gate_alpha_std: 0.1984
  omega_user: 0.8009
  omega_item: 0.5943
Val metrics: {'recall@20': 0.08794217816610993, 'ndcg@20': np.float64(0.03954531946009757), 'val_loss': 9.211681365966797, 'train_ce': 4.734543800354004, 'gen_gap': 4.477137565612793}
[EarlyStopping] No improvement for 5/15 evals (best=0.0884 at epoch 78)

============================================================
Epoch 89/1000
============================================================
  [Step 4350] avg_loss: 8.0986
Train loss: 8.0985
  total: 8.0985
  ranking: 0.6209
  emb_reg: 0.0731
  cl_item: 5.6889
  cl_user: 0.8027
  pos_score: 6.6685
  synth_neg_score_mean: 1.1459
  modal_align: 0.2911
  modal_modal: 0.4232
  mae: 0.1987
  gate_alpha_mean: 0.5108
  gate_alpha_std: 0.1984
  omega_user: 0.8053
  omega_item: 0.5981

============================================================
Epoch 90/1000
============================================================
  [Step 4400] avg_loss: 8.0928
Train loss: 8.0921
  total: 8.0921
  ranking: 0.6132
  emb_reg: 0.0735
  cl_item: 5.6907
  cl_user: 0.8029
  pos_score: 6.7029
  synth_neg_score_mean: 1.1533
  modal_align: 0.2909
  modal_modal: 0.4215
  mae: 0.1994
  gate_alpha_mean: 0.5108
  gate_alpha_std: 0.1984
  omega_user: 0.8110
  omega_item: 0.6031
Val metrics: {'recall@20': 0.08814444456534487, 'ndcg@20': np.float64(0.039425582257329665), 'val_loss': 9.202404975891113, 'train_ce': 4.725420951843262, 'gen_gap': 4.476984024047852}
[EarlyStopping] No improvement for 6/15 evals (best=0.0884 at epoch 78)
Checkpoint saved: /checkpoints/clothing_shuffle_llm/Clothing_epoch90.pt

============================================================
Epoch 91/1000
============================================================
  [Step 4450] avg_loss: 8.0805
Train loss: 8.0797
  total: 8.0797
  ranking: 0.5985
  emb_reg: 0.0742
  cl_item: 5.6908
  cl_user: 0.8028
  pos_score: 6.7633
  synth_neg_score_mean: 1.1597
  modal_align: 0.2908
  modal_modal: 0.4219
  mae: 0.2007
  gate_alpha_mean: 0.5108
  gate_alpha_std: 0.1984
  omega_user: 0.8166
  omega_item: 0.6080

============================================================
Epoch 92/1000
============================================================
  [Step 4500] avg_loss: 8.0701
Train loss: 8.0683
  total: 8.0683
  ranking: 0.5868
  emb_reg: 0.0746
  cl_item: 5.6900
  cl_user: 0.8027
  pos_score: 6.8022
  synth_neg_score_mean: 1.1657
  modal_align: 0.2906
  modal_modal: 0.4222
  mae: 0.2014
  gate_alpha_mean: 0.5108
  gate_alpha_std: 0.1984
  omega_user: 0.8218
  omega_item: 0.6126
Val metrics: {'recall@20': 0.08807674033129134, 'ndcg@20': np.float64(0.03954698493487314), 'val_loss': 9.237770080566406, 'train_ce': 4.617277145385742, 'gen_gap': 4.620492935180664}
[EarlyStopping] No improvement for 7/15 evals (best=0.0884 at epoch 78)

============================================================
Epoch 93/1000
============================================================
  [Step 4550] avg_loss: 8.0618
Train loss: 8.0619
  total: 8.0619
  ranking: 0.5785
  emb_reg: 0.0751
  cl_item: 5.6903
  cl_user: 0.8028
  pos_score: 6.8407
  synth_neg_score_mean: 1.1718
  modal_align: 0.2904
  modal_modal: 0.4227
  mae: 0.2021
  gate_alpha_mean: 0.5108
  gate_alpha_std: 0.1984
  omega_user: 0.8266
  omega_item: 0.6168

============================================================
Epoch 94/1000
============================================================
  [Step 4600] avg_loss: 8.0579
Train loss: 8.0565
  total: 8.0565
  ranking: 0.5731
  emb_reg: 0.0755
  cl_item: 5.6904
  cl_user: 0.8028
  pos_score: 6.8639
  synth_neg_score_mean: 1.1763
  modal_align: 0.2903
  modal_modal: 0.4214
  mae: 0.2030
  gate_alpha_mean: 0.5108
  gate_alpha_std: 0.1984
  omega_user: 0.8312
  omega_item: 0.6208
Val metrics: {'recall@20': 0.08807855383756062, 'ndcg@20': np.float64(0.03950828934346991), 'val_loss': 9.221467971801758, 'train_ce': 4.559628486633301, 'gen_gap': 4.661839485168457}
[EarlyStopping] No improvement for 8/15 evals (best=0.0884 at epoch 78)

============================================================
Epoch 95/1000
============================================================
  [Step 4650] avg_loss: 8.0473
Train loss: 8.0471
  total: 8.0471
  ranking: 0.5615
  emb_reg: 0.0760
  cl_item: 5.6914
  cl_user: 0.8028
  pos_score: 6.9121
  synth_neg_score_mean: 1.1818
  modal_align: 0.2901
  modal_modal: 0.4220
  mae: 0.2032
  gate_alpha_mean: 0.5108
  gate_alpha_std: 0.1984
  omega_user: 0.8361
  omega_item: 0.6251

============================================================
Epoch 96/1000
============================================================
  [Step 4700] avg_loss: 8.0374
Train loss: 8.0374
  total: 8.0374
  ranking: 0.5524
  emb_reg: 0.0764
  cl_item: 5.6906
  cl_user: 0.8027
  pos_score: 6.9474
  synth_neg_score_mean: 1.1886
  modal_align: 0.2900
  modal_modal: 0.4209
  mae: 0.2045
  gate_alpha_mean: 0.5108
  gate_alpha_std: 0.1984
  omega_user: 0.8405
  omega_item: 0.6289
Val metrics: {'recall@20': 0.08832398168600471, 'ndcg@20': np.float64(0.03962046433710237), 'val_loss': 9.26702880859375, 'train_ce': 4.548788070678711, 'gen_gap': 4.718240737915039}
[EarlyStopping] No improvement for 9/15 evals (best=0.0884 at epoch 78)

============================================================
Epoch 97/1000
============================================================
  [Step 4750] avg_loss: 8.0322
Train loss: 8.0312
  total: 8.0312
  ranking: 0.5458
  emb_reg: 0.0768
  cl_item: 5.6915
  cl_user: 0.8028
  pos_score: 6.9734
  synth_neg_score_mean: 1.1904
  modal_align: 0.2899
  modal_modal: 0.4195
  mae: 0.2050
  gate_alpha_mean: 0.5108
  gate_alpha_std: 0.1984
  omega_user: 0.8452
  omega_item: 0.6331

============================================================
Epoch 98/1000
============================================================
  [Step 4800] avg_loss: 8.0253
Train loss: 8.0249
  total: 8.0249
  ranking: 0.5363
  emb_reg: 0.0773
  cl_item: 5.6922
  cl_user: 0.8029
  pos_score: 7.0159
  synth_neg_score_mean: 1.1994
  modal_align: 0.2897
  modal_modal: 0.4217
  mae: 0.2049
  gate_alpha_mean: 0.5108
  gate_alpha_std: 0.1984
  omega_user: 0.8499
  omega_item: 0.6373
Val metrics: {'recall@20': 0.08809124838144566, 'ndcg@20': np.float64(0.039513132803561515), 'val_loss': 9.248567581176758, 'train_ce': 4.461440563201904, 'gen_gap': 4.7871270179748535}
[EarlyStopping] No improvement for 10/15 evals (best=0.0884 at epoch 78)

============================================================
Epoch 99/1000
============================================================
  [Step 4850] avg_loss: 8.0162
Train loss: 8.0160
  total: 8.0160
  ranking: 0.5275
  emb_reg: 0.0777
  cl_item: 5.6909
  cl_user: 0.8027
  pos_score: 7.0521
  synth_neg_score_mean: 1.2022
  modal_align: 0.2896
  modal_modal: 0.4211
  mae: 0.2065
  gate_alpha_mean: 0.5108
  gate_alpha_std: 0.1984
  omega_user: 0.8538
  omega_item: 0.6407

============================================================
Epoch 100/1000
============================================================
  [Step 4900] avg_loss: 8.0128
Train loss: 8.0128
  total: 8.0128
  ranking: 0.5226
  emb_reg: 0.0781
  cl_item: 5.6925
  cl_user: 0.8029
  pos_score: 7.0776
  synth_neg_score_mean: 1.2069
  modal_align: 0.2895
  modal_modal: 0.4203
  mae: 0.2070
  gate_alpha_mean: 0.5108
  gate_alpha_std: 0.1984
  omega_user: 0.8582
  omega_item: 0.6446
Val metrics: {'recall@20': 0.08774637993923547, 'ndcg@20': np.float64(0.03944895407680549), 'val_loss': 9.24032211303711, 'train_ce': 4.4358367919921875, 'gen_gap': 4.804485321044922}
[EarlyStopping] No improvement for 11/15 evals (best=0.0884 at epoch 78)
Checkpoint saved: /checkpoints/clothing_shuffle_llm/Clothing_epoch100.pt

============================================================
Epoch 101/1000
============================================================
Train loss: 8.0096
  total: 8.0096
  ranking: 0.5176
  emb_reg: 0.0784
  cl_item: 5.6922
  cl_user: 0.8029
  pos_score: 7.1042
  synth_neg_score_mean: 1.2110
  modal_align: 0.2893
  modal_modal: 0.4213
  mae: 0.2079
  gate_alpha_mean: 0.5108
  gate_alpha_std: 0.1984
  omega_user: 0.8627
  omega_item: 0.6486

============================================================
Epoch 102/1000
============================================================
  [Step 4950] avg_loss: 7.9961
Train loss: 7.9992
  total: 7.9992
  ranking: 0.5092
  emb_reg: 0.0788
  cl_item: 5.6911
  cl_user: 0.8027
  pos_score: 7.1377
  synth_neg_score_mean: 1.2156
  modal_align: 0.2892
  modal_modal: 0.4199
  mae: 0.2082
  gate_alpha_mean: 0.5108
  gate_alpha_std: 0.1984
  omega_user: 0.8666
  omega_item: 0.6520
Val metrics: {'recall@20': 0.08747937136618682, 'ndcg@20': np.float64(0.039236810490307736), 'val_loss': 9.307064056396484, 'train_ce': 4.4114274978637695, 'gen_gap': 4.895636558532715}
[EarlyStopping] No improvement for 12/15 evals (best=0.0884 at epoch 78)

============================================================
Epoch 103/1000
============================================================
  [Step 5000] avg_loss: 7.9890
Train loss: 7.9950
  total: 7.9950
  ranking: 0.5017
  emb_reg: 0.0792
  cl_item: 5.6926
  cl_user: 0.8029
  pos_score: 7.1701
  synth_neg_score_mean: 1.2198
  modal_align: 0.2891
  modal_modal: 0.4208
  mae: 0.2087
  gate_alpha_mean: 0.5108
  gate_alpha_std: 0.1984
  omega_user: 0.8706
  omega_item: 0.6556

============================================================
Epoch 104/1000
============================================================
  [Step 5050] avg_loss: 7.9935
Train loss: 7.9897
  total: 7.9897
  ranking: 0.4961
  emb_reg: 0.0796
  cl_item: 5.6930
  cl_user: 0.8030
  pos_score: 7.2017
  synth_neg_score_mean: 1.2254
  modal_align: 0.2890
  modal_modal: 0.4194
  mae: 0.2096
  gate_alpha_mean: 0.5108
  gate_alpha_std: 0.1984
  omega_user: 0.8749
  omega_item: 0.6594
Val metrics: {'recall@20': 0.08770914261050601, 'ndcg@20': np.float64(0.039193792102048645), 'val_loss': 9.314474105834961, 'train_ce': 4.39778470993042, 'gen_gap': 4.916689395904541}
[EarlyStopping] No improvement for 13/15 evals (best=0.0884 at epoch 78)

============================================================
Epoch 105/1000
============================================================
  [Step 5100] avg_loss: 7.9946
Train loss: 7.9824
  total: 7.9824
  ranking: 0.4886
  emb_reg: 0.0800
  cl_item: 5.6921
  cl_user: 0.8028
  pos_score: 7.2313
  synth_neg_score_mean: 1.2312
  modal_align: 0.2889
  modal_modal: 0.4200
  mae: 0.2101
  gate_alpha_mean: 0.5108
  gate_alpha_std: 0.1984
  omega_user: 0.8790
  omega_item: 0.6631

============================================================
Epoch 106/1000
============================================================
  [Step 5150] avg_loss: 7.9917
Train loss: 7.9808
  total: 7.9808
  ranking: 0.4854
  emb_reg: 0.0803
  cl_item: 5.6929
  cl_user: 0.8029
  pos_score: 7.2539
  synth_neg_score_mean: 1.2342
  modal_align: 0.2888
  modal_modal: 0.4197
  mae: 0.2109
  gate_alpha_mean: 0.5108
  gate_alpha_std: 0.1984
  omega_user: 0.8828
  omega_item: 0.6665
Val metrics: {'recall@20': 0.0878288944744882, 'ndcg@20': np.float64(0.0392833515208916), 'val_loss': 9.359186172485352, 'train_ce': 4.325893878936768, 'gen_gap': 5.033292293548584}
[EarlyStopping] No improvement for 14/15 evals (best=0.0884 at epoch 78)

============================================================
Epoch 107/1000
============================================================
  [Step 5200] avg_loss: 7.9707
Train loss: 7.9729
  total: 7.9729
  ranking: 0.4778
  emb_reg: 0.0807
  cl_item: 5.6923
  cl_user: 0.8028
  pos_score: 7.2879
  synth_neg_score_mean: 1.2391
  modal_align: 0.2887
  modal_modal: 0.4191
  mae: 0.2115
  gate_alpha_mean: 0.5108
  gate_alpha_std: 0.1984
  omega_user: 0.8867
  omega_item: 0.6699

============================================================
Epoch 108/1000
============================================================
  [Step 5250] avg_loss: 7.9685
Train loss: 7.9731
  total: 7.9731
  ranking: 0.4755
  emb_reg: 0.0809
  cl_item: 5.6937
  cl_user: 0.8030
  pos_score: 7.2985
  synth_neg_score_mean: 1.2417
  modal_align: 0.2886
  modal_modal: 0.4188
  mae: 0.2126
  gate_alpha_mean: 0.5108
  gate_alpha_std: 0.1984
  omega_user: 0.8909
  omega_item: 0.6736
Val metrics: {'recall@20': 0.08776330599774884, 'ndcg@20': np.float64(0.03928980521487639), 'val_loss': 9.31224250793457, 'train_ce': 4.2697882652282715, 'gen_gap': 5.042454242706299}
[EarlyStopping] No improvement for 15/15 evals (best=0.0884 at epoch 78)

Final train loss: 7.9731
Done!
Stopping app - local entrypoint completed.
[EarlyStopping] Stopping at epoch 108. Best Recall@20=0.0884 at epoch 78

============================================================
Training completed!
============================================================
✓ App completed. View run at 
https://modal.com/apps/ngtkhanh04/main/ap-fPFAVoKaxRG6fYcDGpqGph
